Season,Player,GP,GS,Minutes,FGM,FGA,3PT,3PTA,FTM,FTA,PTS,OREB,DREB,REB,PF,AST,TO,STL,BLK,FG%,3PT%,FT%,MIN/G,PTS/G,REB/G
2025-26,"Ajayi, Margaret",15,14.0,313,35.0,83,0,0,24.0,41,94.0,32,67,99.0,50.0,13.0,37,11,10.0,0.42168674698795183,,0.5853658536585366,20.866666666666667,6.266666666666667,6.6
2025-26,"Bell, Olivia",12,12.0,263,42.0,122,5,24,25.0,30,114.0,7,42,49.0,24.0,36.0,34,10,3.0,0.3442622950819672,0.20833333333333334,0.8333333333333334,21.916666666666668,9.5,4.083333333333333
2025-26,"Bencsek, Skylar",28,0.0,337,8.0,33,5,16,5.0,8,26.0,5,16,21.0,18.0,17.0,39,7,1.0,0.24242424242424243,0.3125,0.625,12.035714285714286,0.9285714285714286,0.75
2025-26,"Berkheimer, Taylor",9,0.0,42,3.0,17,3,15,1.0,2,10.0,1,3,4.0,2.0,0.0,1,0,0.0,0.17647058823529413,0.2,0.5,4.666666666666667,1.1111111111111112,0.4444444444444444
2025-26,"Borman, Raeghan",13,4.0,272,26.0,80,1,13,30.0,50,83.0,8,24,32.0,37.0,10.0,22,25,3.0,0.325,0.07692307692307693,0.6,20.923076923076923,6.384615384615385,2.4615384615384617
2025-26,"Cushing, Taylor",4,0.0,19,0.0,3,0,0,0.0,0,0.0,0,2,2.0,2.0,1.0,2,1,0.0,0.0,,,4.75,0.0,0.5
2025-26,"Gillam, Maizen",28,21.0,766,123.0,347,78,239,39.0,58,363.0,37,59,96.0,37.0,45.0,65,31,1.0,0.35446685878962536,0.3263598326359833,0.6724137931034483,27.357142857142858,12.964285714285714,3.4285714285714284
2025-26,"Guerrero, Aleaya",8,0.0,47,4.0,14,0,1,1.0,4,9.0,6,4,10.0,8.0,0.0,3,0,0.0,0.2857142857142857,0.0,0.25,5.875,1.125,1.25
2025-26,"Hammerquist, Mikah",24,7.0,514,49.0,141,39,122,5.0,7,142.0,7,41,48.0,52.0,26.0,26,15,2.0,0.3475177304964539,0.319672131147541,0.7142857142857143,21.416666666666668,5.916666666666667,2.0
2025-26,"Hawkins, Auhnesty",14,5.0,266,20.0,62,2,3,18.0,32,60.0,26,40,66.0,24.0,11.0,18,14,3.0,0.3225806451612903,0.6666666666666666,0.5625,19.0,4.285714285714286,4.714285714285714
2025-26,"Henderson, Amaree",28,8.0,457,108.0,298,10,71,62.0,92,288.0,26,81,107.0,49.0,24.0,81,27,7.0,0.3624161073825503,0.14084507042253522,0.6739130434782609,16.321428571428573,10.285714285714286,3.8214285714285716
2025-26,"Hill, Auburn",4,0.0,23,0.0,1,0,1,0.0,0,0.0,2,5,7.0,1.0,2.0,2,0,0.0,0.0,0.0,,5.75,0.0,1.75
2025-26,"Hill, Kayla",11,0.0,88,6.0,28,0,4,5.0,11,17.0,2,11,13.0,10.0,4.0,7,8,1.0,0.21428571428571427,0.0,0.45454545454545453,8.0,1.5454545454545454,1.1818181818181819
2025-26,"Imankulova, Dana",28,25.0,563,16.0,76,9,51,16.0,28,57.0,14,45,59.0,48.0,68.0,64,20,0.0,0.21052631578947367,0.17647058823529413,0.5714285714285714,20.107142857142858,2.0357142857142856,2.107142857142857
2025-26,"Jones, Leela",2,0.0,18,1.0,3,0,1,2.0,2,4.0,0,3,3.0,3.0,1.0,1,4,0.0,0.3333333333333333,0.0,1.0,9.0,2.0,1.5
2025-26,"McCain, Kenya",28,1.0,252,21.0,49,0,0,24.0,39,66.0,36,57,93.0,21.0,8.0,23,14,1.0,0.42857142857142855,,0.6153846153846154,9.0,2.357142857142857,3.3214285714285716
2025-26,"Moore, Carlasia",7,0.0,46,6.0,11,0,2,4.0,5,16.0,1,0,1.0,3.0,10.0,8,5,0.0,0.5454545454545454,0.0,0.8,6.571428571428571,2.2857142857142856,0.14285714285714285
2025-26,"Parker, Dana",25,4.0,125,10.0,23,0,1,2.0,2,22.0,4,19,23.0,13.0,4.0,8,3,4.0,0.43478260869565216,0.0,1.0,5.0,0.88,0.92
2025-26,"Payne, Laderricka",6,0.0,48,4.0,10,0,0,12.0,16,20.0,2,2,4.0,4.0,1.0,4,3,0.0,0.4,,0.75,8.0,3.3333333333333335,0.6666666666666666
2025-26,"Rodgers , Gillian",28,1.0,327,63.0,163,23,87,25.0,34,174.0,17,37,54.0,37.0,11.0,32,5,9.0,0.38650306748466257,0.26436781609195403,0.7352941176470589,11.678571428571429,6.214285714285714,1.9285714285714286
2025-26,"Rosa, Isabella",22,18.0,302,38.0,94,0,3,23.0,41,99.0,35,18,53.0,46.0,19.0,31,8,9.0,0.40425531914893614,0.0,0.5609756097560976,13.727272727272727,4.5,2.409090909090909
2025-26,"Stevenson, Lynix",16,0.0,46,3.0,18,0,0,1.0,2,7.0,3,7,10.0,8.0,0.0,5,3,3.0,0.16666666666666666,,0.5,2.875,0.4375,0.625
2025-26,"Ward , Katy",2,1.0,16,1.0,2,0,1,2.0,2,4.0,0,0,0.0,1.0,2.0,0,1,0.0,0.5,0.0,1.0,8.0,2.0,0.0
2025-26,"Williams-Woodmore, Amyah",25,19.0,397,38.0,105,1,11,36.0,62,113.0,32,55,87.0,35.0,14.0,44,18,6.0,0.3619047619047619,0.09090909090909091,0.5806451612903226,15.88,4.52,3.48
2025-26,"Young, Lauren",10,0.0,51,5.0,17,0,0,4.0,5,14.0,4,6,10.0,7.0,1.0,3,3,0.0,0.29411764705882354,,0.8,5.1,1.4,1.0
2024-25,"Askin, Faith",1,0.0,0,0.0,0,0,0,0.0,0,0.0,0,0,0.0,0.0,0.0,0,0,0.0,,,,0.0,0.0,0.0
2024-25,"Bell, Olivia",3,0.0,16,1.0,4,0,1,3.0,4,5.0,0,2,2.0,2.0,4.0,1,0,0.0,0.25,0.0,0.75,5.333333333333333,1.6666666666666667,0.6666666666666666
2024-25,"Bencsek, Skylar",9,0.0,50,2.0,9,2,6,3.0,4,9.0,3,3,6.0,2.0,3.0,4,1,0.0,0.2222222222222222,0.3333333333333333,0.75,5.555555555555555,1.0,0.6666666666666666
2024-25,"Berkheimer, Taylor",21,0.0,204,31.0,75,30,68,4.0,4,96.0,3,15,18.0,19.0,5.0,22,7,0.0,0.41333333333333333,0.4411764705882353,1.0,9.714285714285714,4.571428571428571,0.8571428571428571
2024-25,"Boris, Nikola",27,16.0,495,27.0,108,19,76,11.0,19,84.0,8,67,75.0,32.0,16.0,37,8,4.0,0.25,0.25,0.5789473684210527,18.333333333333332,3.111111111111111,2.7777777777777777
2024-25,"Borman, Raeghan",28,12.0,518,51.0,168,6,36,39.0,72,147.0,22,47,69.0,58.0,32.0,64,15,1.0,0.30357142857142855,0.16666666666666666,0.5416666666666666,18.5,5.25,2.4642857142857144
2024-25,"Boyd, Mikaela",27,9.0,396,34.0,89,1,2,22.0,35,91.0,31,44,75.0,29.0,11.0,38,5,1.0,0.38202247191011235,0.5,0.6285714285714286,14.666666666666666,3.3703703703703702,2.7777777777777777
2024-25,"Cooley, Hannah",28,2.0,431,34.0,115,7,38,4.0,11,79.0,9,44,53.0,29.0,31.0,59,16,2.0,0.2956521739130435,0.18421052631578946,0.36363636363636365,15.392857142857142,2.8214285714285716,1.8928571428571428
2024-25,"Gillespie, Mckenzy",8,0.0,47,3.0,16,3,14,2.0,2,11.0,2,3,5.0,5.0,2.0,3,0,0.0,0.1875,0.21428571428571427,1.0,5.875,1.375,0.625
2024-25,"Guerrero, Aleaya",1,0.0,2,0.0,1,0,1,0.0,0,0.0,0,0,0.0,0.0,0.0,0,0,0.0,0.0,0.0,,2.0,0.0,0.0
2024-25,"Guillamat-Ribo, Laura",28,17.0,487,59.0,170,17,69,12.0,16,147.0,5,51,56.0,39.0,38.0,51,18,1.0,0.34705882352941175,0.2463768115942029,0.75,17.392857142857142,5.25,2.0
2024-25,"Hickman, Allie",4,0.0,8,3.0,7,0,1,3.0,4,9.0,2,1,3.0,4.0,0.0,2,0,0.0,0.42857142857142855,0.0,0.75,2.0,2.25,0.75
2024-25,"McCain, Kenya",23,8.0,222,13.0,34,1,3,8.0,14,35.0,21,43,64.0,13.0,15.0,24,8,1.0,0.38235294117647056,0.3333333333333333,0.5714285714285714,9.652173913043478,1.5217391304347827,2.782608695652174
2024-25,"Moore, Jayla",28,28.0,642,50.0,152,1,24,32.0,58,133.0,33,51,84.0,53.0,48.0,48,25,5.0,0.32894736842105265,0.041666666666666664,0.5517241379310345,22.928571428571427,4.75,3.0
2024-25,"Pomrenke, Carly",14,1.0,113,6.0,20,2,14,1.0,2,15.0,6,23,29.0,8.0,4.0,5,3,0.0,0.3,0.14285714285714285,0.5,8.071428571428571,1.0714285714285714,2.0714285714285716
2024-25,"Rodgers , Gillian",28,27.0,729,100.0,292,18,64,39.0,61,257.0,28,87,115.0,64.0,11.0,58,18,10.0,0.3424657534246575,0.28125,0.639344262295082,26.035714285714285,9.178571428571429,4.107142857142857
2024-25,"Rogers, Melissa",6,0.0,12,0.0,2,0,0,1.0,2,1.0,0,1,1.0,0.0,0.0,1,1,0.0,0.0,,0.5,2.0,0.16666666666666666,0.16666666666666666
2024-25,"Smith, Kennedy",14,7.0,272,44.0,110,0,0,34.0,59,122.0,51,56,107.0,44.0,2.0,24,11,3.0,0.4,,0.576271186440678,19.428571428571427,8.714285714285714,7.642857142857143
2024-25,"Tease, Amarion",23,8.0,332,43.0,128,10,39,24.0,40,120.0,9,52,61.0,37.0,17.0,31,16,5.0,0.3359375,0.2564102564102564,0.6,14.434782608695652,5.217391304347826,2.652173913043478
2024-25,"Valdez, Dominique",1,0.0,2,0.0,0,0,0,0.0,0,0.0,0,0,0.0,1.0,0.0,0,0,0.0,,,,2.0,0.0,0.0
2024-25,"Young, Lauren",26,2.0,258,43.0,97,0,0,18.0,32,104.0,29,40,69.0,23.0,13.0,21,10,5.0,0.44329896907216493,,0.5625,9.923076923076923,4.0,2.6538461538461537
2023-24,"Baker, Joze'",28,8.0,456,84.0,233,17,66,39.0,70,224.0,39,66,105.0,64.0,22.0,69,23,0.0,0.3605150214592275,0.25757575757575757,0.5571428571428572,16.285714285714285,8.0,3.75
2023-24,"Bencsek, Skylar",13,0.0,71,1.0,7,0,3,2.0,3,4.0,1,4,5.0,0.0,2.0,4,2,0.0,0.14285714285714285,0.0,0.6666666666666666,5.461538461538462,0.3076923076923077,0.38461538461538464
2023-24,"Borman, Raeghan",26,0.0,249,18.0,67,6,25,24.0,39,66.0,7,21,28.0,29.0,10.0,38,17,3.0,0.26865671641791045,0.24,0.6153846153846154,9.576923076923077,2.5384615384615383,1.0769230769230769
2023-24,"Boyd, Mikaela",28,1.0,307,40.0,92,1,4,16.0,26,97.0,23,39,62.0,23.0,2.0,36,10,10.0,0.43478260869565216,0.25,0.6153846153846154,10.964285714285714,3.4642857142857144,2.2142857142857144
2023-24,"Clevenger, Chloe",28,10.0,583,93.0,257,24,93,27.0,32,237.0,33,109,142.0,60.0,57.0,72,48,6.0,0.36186770428015563,0.25806451612903225,0.84375,20.821428571428573,8.464285714285714,5.071428571428571
2023-24,"Gillespie, Mckenzy",7,0.0,31,5.0,8,4,6,4.0,4,18.0,2,2,4.0,2.0,3.0,6,3,0.0,0.625,0.6666666666666666,1.0,4.428571428571429,2.5714285714285716,0.5714285714285714
2023-24,"Hankins, Madelyn",28,26.0,798,85.0,240,30,105,91.0,122,291.0,35,55,90.0,31.0,37.0,59,35,3.0,0.3541666666666667,0.2857142857142857,0.7459016393442623,28.5,10.392857142857142,3.2142857142857144
2023-24,"Hawkins, Kiara",17,1.0,150,3.0,18,2,5,6.0,14,14.0,6,22,28.0,8.0,4.0,9,7,0.0,0.16666666666666666,0.4,0.42857142857142855,8.823529411764707,0.8235294117647058,1.6470588235294117
2023-24,"Hernandez, Kylie",1,0.0,5,1.0,6,0,3,0.0,0,2.0,0,0,0.0,0.0,0.0,1,2,0.0,0.16666666666666666,0.0,,5.0,2.0,0.0
2023-24,"Kirkman, Summer",5,0.0,81,6.0,17,4,13,7.0,10,23.0,4,7,11.0,4.0,7.0,12,6,0.0,0.35294117647058826,0.3076923076923077,0.7,16.2,4.6,2.2
2023-24,"McCain, Kenya",2,0.0,10,1.0,3,0,0,0.0,0,2.0,2,0,2.0,0.0,2.0,2,2,0.0,0.3333333333333333,,,5.0,1.0,1.0
2023-24,"Moore, Jayla",28,11.0,495,24.0,89,4,24,27.0,60,79.0,19,46,65.0,35.0,18.0,27,23,6.0,0.2696629213483146,0.16666666666666666,0.45,17.678571428571427,2.8214285714285716,2.3214285714285716
2023-24,"Moses , Matisyn",28,28.0,757,102.0,272,13,59,86.0,115,303.0,36,118,154.0,90.0,29.0,66,19,12.0,0.375,0.22033898305084745,0.7478260869565218,27.035714285714285,10.821428571428571,5.5
2023-24,"Nolan, Kamryn",11,0.0,45,6.0,18,0,3,0.0,0,12.0,4,6,10.0,2.0,1.0,5,2,0.0,0.3333333333333333,0.0,,4.090909090909091,1.0909090909090908,0.9090909090909091
2023-24,"Pomrenke, Carly",10,0.0,42,2.0,9,1,8,0.0,0,5.0,4,5,9.0,2.0,1.0,1,1,0.0,0.2222222222222222,0.125,,4.2,0.5,0.9
2023-24,"Rodgers , Gillian",28,27.0,742,101.0,246,10,37,45.0,69,257.0,47,94,141.0,71.0,20.0,83,22,6.0,0.4105691056910569,0.2702702702702703,0.6521739130434783,26.5,9.178571428571429,5.035714285714286
2023-24,"Rogers, Melissa",1,0.0,9,0.0,5,0,4,0.0,0,0.0,1,0,1.0,1.0,1.0,0,0,0.0,0.0,0.0,,9.0,0.0,1.0
2023-24,"Starr , Taylor",28,28.0,638,18.0,68,9,31,2.0,8,47.0,20,71,91.0,20.0,36.0,87,17,3.0,0.2647058823529412,0.2903225806451613,0.25,22.785714285714285,1.6785714285714286,3.25
2023-24,"Watson, Faith",6,0.0,51,3.0,9,0,0,0.0,0,6.0,3,5,8.0,10.0,3.0,1,5,0.0,0.3333333333333333,,,8.5,1.0,1.3333333333333333
2023-24,"Young, Lauren",20,0.0,108,12.0,24,0,0,12.0,17,36.0,9,32,41.0,7.0,1.0,9,4,3.0,0.5,,0.7058823529411765,5.4,1.8,2.05
2022-23,"Chiesi, Heather",1,0.0,1,0.0,0,0,0,0.0,0,0.0,0,0,0.0,0.0,0.0,0,0,0.0,,,,1.0,0.0,0.0
2022-23,"Fanning, Dayjsha",26,17.0,511,52.0,139,1,3,33.0,50,138.0,63,99,162.0,51.0,17.0,34,22,0.0,0.37410071942446044,0.3333333333333333,0.66,19.653846153846153,5.3076923076923075,6.230769230769231
2022-23,"Haamid , Tytiana",12,0.0,140,28.0,76,1,7,16.0,24,73.0,14,29,43.0,16.0,1.0,15,3,3.0,0.3684210526315789,0.14285714285714285,0.6666666666666666,11.666666666666666,6.083333333333333,3.5833333333333335
2022-23,"Hankins, Madelyn",27,26.0,721,63.0,188,20,89,56.0,71,202.0,25,42,67.0,38.0,35.0,48,29,1.0,0.3351063829787234,0.2247191011235955,0.7887323943661971,26.703703703703702,7.481481481481482,2.4814814814814814
2022-23,"Hawkins, Kiara",5,1.0,50,7.0,23,4,12,1.0,2,19.0,4,4,8.0,4.0,4.0,7,2,1.0,0.30434782608695654,0.3333333333333333,0.5,10.0,3.8,1.6
2022-23,"Houston, Lauren",18,0.0,68,2.0,9,1,6,1.0,4,6.0,1,5,6.0,6.0,5.0,20,1,0.0,0.2222222222222222,0.16666666666666666,0.25,3.7777777777777777,0.3333333333333333,0.3333333333333333
2022-23,"Hunt, D'shonda",1,1.0,29,2.0,6,0,0,12.0,16,16.0,5,6,11.0,2.0,0.0,1,2,1.0,0.3333333333333333,,0.75,29.0,16.0,11.0
2022-23,"Joseph, Laheerah",17,8.0,118,6.0,26,0,0,2.0,4,14.0,8,13,21.0,10.0,5.0,11,1,2.0,0.23076923076923078,,0.5,6.9411764705882355,0.8235294117647058,1.2352941176470589
2022-23,"Kennedy, Jheda",26,15.0,549,46.0,153,13,53,24.0,44,129.0,6,52,58.0,47.0,35.0,52,25,3.0,0.3006535947712418,0.24528301886792453,0.5454545454545454,21.115384615384617,4.961538461538462,2.230769230769231
2022-23,"Kirkman, Summer",26,10.0,566,82.0,225,35,119,41.0,62,240.0,33,79,112.0,65.0,37.0,67,28,1.0,0.36444444444444446,0.29411764705882354,0.6612903225806451,21.76923076923077,9.23076923076923,4.3076923076923075
2022-23,"McElrath, Dy'mond",26,26.0,927,93.0,266,17,55,93.0,122,296.0,20,116,136.0,39.0,96.0,85,46,0.0,0.34962406015037595,0.3090909090909091,0.7622950819672131,35.65384615384615,11.384615384615385,5.230769230769231
2022-23,"Mcelroy, Emily",1,0.0,4,0.0,1,0,1,0.0,0,0.0,1,0,1.0,0.0,0.0,0,0,0.0,0.0,0.0,,4.0,0.0,1.0
2022-23,"Moore, Jayla",27,2.0,431,34.0,95,3,12,21.0,39,92.0,12,26,38.0,44.0,17.0,30,6,1.0,0.35789473684210527,0.25,0.5384615384615384,15.962962962962964,3.4074074074074074,1.4074074074074074
2022-23,"Moses, Matisyn",27,27.0,544,68.0,194,6,14,53.0,78,195.0,35,68,103.0,88.0,11.0,48,13,4.0,0.35051546391752575,0.42857142857142855,0.6794871794871795,20.14814814814815,7.222222222222222,3.814814814814815
2022-23,"Olivar, Kalli",14,1.0,70,2.0,10,0,3,5.0,8,9.0,4,4,8.0,13.0,1.0,10,5,0.0,0.2,0.0,0.625,5.0,0.6428571428571429,0.5714285714285714
2022-23,"Phillips, Arriyonn",25,1.0,302,47.0,107,3,11,16.0,21,113.0,27,45,72.0,32.0,16.0,25,22,1.0,0.4392523364485981,0.2727272727272727,0.7619047619047619,12.08,4.52,2.88
2022-23,"Rodgers, Gillian",26,0.0,322,38.0,101,0,1,34.0,46,110.0,23,19,42.0,40.0,1.0,22,11,5.0,0.37623762376237624,0.0,0.7391304347826086,12.384615384615385,4.230769230769231,1.6153846153846154
2022-23,"Shaw, Brianna",2,0.0,1,0.0,0,0,0,0.0,0,0.0,0,0,0.0,0.0,0.0,0,0,0.0,,,,0.5,0.0,0.0
2022-23,"Smith, Naomi",1,0.0,2,1.0,3,0,0,0.0,0,2.0,0,0,0.0,0.0,0.0,0,0,0.0,0.3333333333333333,,,2.0,2.0,0.0
2022-23,"Starr , Taylor",1,0.0,5,1.0,1,1,1,0.0,0,3.0,0,3,3.0,0.0,0.0,1,0,0.0,1.0,1.0,,5.0,3.0,3.0
2022-23,"Weaver, Kassidy",17,1.0,115,7.0,20,1,1,4.0,8,19.0,8,7,15.0,15.0,1.0,5,5,0.0,0.35,1.0,0.5,6.764705882352941,1.1176470588235294,0.8823529411764706
2022-23,"Woods, Devyn",1,0.0,15,0.0,5,0,4,0.0,0,0.0,0,0,0.0,2.0,0.0,0,0,0.0,0.0,0.0,,15.0,0.0,0.0
2021-22,"Ates, Victoria",31,1.0,519,60.0,168,15,56,15.0,24,150.0,26,43,69.0,45.0,24.0,22,29,1.0,0.35714285714285715,0.26785714285714285,0.625,16.741935483870968,4.838709677419355,2.225806451612903
2021-22,"Branscum, Kyrstin",31,3.0,569,68.0,122,13,36,26.0,42,175.0,32,33,65.0,57.0,18.0,24,15,9.0,0.5573770491803278,0.3611111111111111,0.6190476190476191,18.35483870967742,5.645161290322581,2.096774193548387
2021-22,"Griffin, Tatum",30,0.0,284,24.0,71,6,27,22.0,24,76.0,5,25,30.0,28.0,27.0,26,9,2.0,0.3380281690140845,0.2222222222222222,0.9166666666666666,9.466666666666667,2.533333333333333,1.0
2021-22,"Hankins, Madelyn",31,20.0,677,80.0,224,34,118,48.0,60,242.0,21,29,50.0,60.0,35.0,33,20,3.0,0.35714285714285715,0.288135593220339,0.8,21.838709677419356,7.806451612903226,1.6129032258064515
2021-22,"Hawkins, Kiara",1,0.0,5,0.0,0,0,0,1.0,2,1.0,0,1,1.0,2.0,0.0,0,0,0.0,,,0.5,5.0,1.0,1.0
2021-22,"Joseph, Laheerah",15,0.0,60,1.0,7,0,0,1.0,2,3.0,1,7,8.0,9.0,1.0,6,1,3.0,0.14285714285714285,,0.5,4.0,0.2,0.5333333333333333
2021-22,"Joseph, Lasheicka",3,1.0,2,0.0,0,0,0,0.0,0,0.0,0,0,0.0,0.0,0.0,0,0,0.0,,,,0.6666666666666666,0.0,0.0
2021-22,"Logan, Madison",1,0.0,2,0.0,1,0,0,0.0,0,0.0,0,0,0.0,0.0,0.0,1,0,0.0,0.0,,,2.0,0.0,0.0
2021-22,"McElrath, Dy'mond",31,31.0,999,75.0,243,21,76,75.0,100,246.0,9,85,94.0,81.0,134.0,80,41,4.0,0.30864197530864196,0.27631578947368424,0.75,32.225806451612904,7.935483870967742,3.032258064516129
2021-22,"Moore, Jayla",18,0.0,70,0.0,11,0,2,3.0,4,3.0,8,4,12.0,7.0,2.0,4,0,1.0,0.0,0.0,0.75,3.888888888888889,0.16666666666666666,0.6666666666666666
2021-22,"Moseley, Maison",31,30.0,719,96.0,231,14,48,56.0,78,262.0,43,31,74.0,67.0,40.0,75,40,5.0,0.4155844155844156,0.2916666666666667,0.717948717948718,23.193548387096776,8.451612903225806,2.3870967741935485
2021-22,"Olivar, Kalli",4,0.0,8,0.0,2,0,0,0.0,0,0.0,0,1,1.0,0.0,0.0,0,0,0.0,0.0,,,2.0,0.0,0.25
2021-22,"Roberts, Brittany",31,29.0,1011,232.0,465,0,2,143.0,268,607.0,129,336,465.0,107.0,87.0,141,66,39.0,0.4989247311827957,0.0,0.5335820895522388,32.61290322580645,19.580645161290324,15.0
2021-22,"Shaw, Briana",1,0.0,2,0.0,1,0,1,0.0,0,0.0,0,0,0.0,0.0,0.0,0,0,0.0,0.0,0.0,,2.0,0.0,0.0
2021-22,"Simmons, TiJanae'",30,10.0,644,101.0,324,65,216,35.0,47,302.0,15,83,98.0,38.0,42.0,32,22,6.0,0.3117283950617284,0.30092592592592593,0.7446808510638298,21.466666666666665,10.066666666666666,3.2666666666666666
2021-22,"Smith, Naomi",2,0.0,4,0.0,1,0,0,0.0,0,0.0,1,1,2.0,2.0,1.0,1,0,0.0,0.0,,,2.0,0.0,1.0
2021-22,"Weaver, Kassidy",3,0.0,5,1.0,1,0,0,0.0,0,2.0,1,1,2.0,1.0,0.0,0,1,0.0,1.0,,,1.6666666666666667,0.6666666666666666,0.6666666666666666
2021-22,"Wells, Ja'Kia",31,30.0,732,69.0,175,7,22,32.0,55,177.0,73,89,162.0,70.0,37.0,38,41,23.0,0.3942857142857143,0.3181818181818182,0.5818181818181818,23.612903225806452,5.709677419354839,5.225806451612903
2020-21,"Ates, Victoria",25,18.0,622,74.0,184,10,40,23.0,40,181.0,30,59,89.0,51.0,37.0,36,39,6.0,0.40217391304347827,0.25,0.575,24.88,7.24,3.56
2020-21,"Austin, Maya",17,0.0,209,24.0,90,11,58,4.0,5,63.0,8,7,15.0,22.0,8.0,10,13,1.0,0.26666666666666666,0.1896551724137931,0.8,12.294117647058824,3.7058823529411766,0.8823529411764706
2020-21,"Bohannon, Taylor",1,0.0,6,0.0,3,0,3,0.0,0,0.0,0,1,1.0,0.0,2.0,0,0,0.0,0.0,0.0,,6.0,0.0,1.0
2020-21,"Branscum, Kyrstin",25,20.0,562,69.0,141,18,50,27.0,31,183.0,24,43,67.0,44.0,14.0,28,26,8.0,0.48936170212765956,0.36,0.8709677419354839,22.48,7.32,2.68
2020-21,"Diaz, Erika",25,15.0,509,71.0,176,5,20,41.0,55,188.0,22,36,58.0,49.0,68.0,71,48,2.0,0.4034090909090909,0.25,0.7454545454545455,20.36,7.52,2.32
2020-21,"Evans, Amber",1,0.0,6,0.0,1,0,0,0.0,0,0.0,1,2,3.0,0.0,1.0,1,0,0.0,0.0,,,6.0,0.0,3.0
2020-21,"Gaytan, Miranda",1,0.0,5,0.0,0,0,0,0.0,0,0.0,0,0,0.0,0.0,0.0,0,1,0.0,,,,5.0,0.0,0.0
2020-21,"Griffin, Tatum",22,0.0,231,28.0,81,14,45,15.0,18,85.0,9,19,28.0,21.0,32.0,30,9,2.0,0.345679012345679,0.3111111111111111,0.8333333333333334,10.5,3.8636363636363638,1.2727272727272727
2020-21,"Joseph, Laheerah",3,0.0,10,1.0,3,0,0,0.0,0,2.0,0,1,1.0,2.0,0.0,1,1,1.0,0.3333333333333333,,,3.3333333333333335,0.6666666666666666,0.3333333333333333
2020-21,"Joseph, Lasheicka",5,0.0,18,2.0,5,0,0,0.0,0,4.0,0,4,4.0,4.0,1.0,1,1,1.0,0.4,,,3.6,0.8,0.8
2020-21,"McElrath, Dy'mond",13,13.0,358,46.0,119,10,33,24.0,34,126.0,9,32,41.0,29.0,53.0,36,30,2.0,0.3865546218487395,0.30303030303030304,0.7058823529411765,27.53846153846154,9.692307692307692,3.1538461538461537
2020-21,"Moseley, Maison",25,25.0,704,111.0,268,24,88,59.0,82,305.0,25,27,52.0,39.0,43.0,62,42,3.0,0.4141791044776119,0.2727272727272727,0.7195121951219512,28.16,12.2,2.08
2020-21,"Olivar, Kalli",9,0.0,35,2.0,4,1,2,1.0,6,6.0,0,1,1.0,8.0,1.0,5,3,0.0,0.5,0.5,0.16666666666666666,3.888888888888889,0.6666666666666666,0.1111111111111111
2020-21,"Potter, Kristin",18,1.0,118,7.0,19,1,8,0.0,0,15.0,1,15,16.0,15.0,0.0,11,1,2.0,0.3684210526315789,0.125,,6.555555555555555,0.8333333333333334,0.8888888888888888
2020-21,"Roberts, Brittany",25,25.0,844,191.0,423,0,1,143.0,229,525.0,106,295,401.0,101.0,47.0,115,60,28.0,0.4515366430260047,0.0,0.6244541484716157,33.76,21.0,16.04
2020-21,"Saul, Katherine",3,0.0,4,0.0,0,0,0,0.0,0,0.0,0,0,0.0,1.0,0.0,0,0,0.0,,,,1.3333333333333333,0.0,0.0
2020-21,"Schultehenrich, Molly",8,0.0,58,5.0,15,3,10,2.0,2,15.0,1,5,6.0,2.0,1.0,2,1,2.0,0.3333333333333333,0.3,1.0,7.25,1.875,0.75
2020-21,"Shaw, Brianna",3,0.0,5,0.0,4,0,1,0.0,0,0.0,0,0,0.0,0.0,2.0,0,0,0.0,0.0,0.0,,1.6666666666666667,0.0,0.0
2020-21,"Upchurch, Kenajah",10,5.0,194,27.0,57,1,3,3.0,10,58.0,11,15,26.0,36.0,13.0,21,15,5.0,0.47368421052631576,0.3333333333333333,0.3,19.4,5.8,2.6
2020-21,"Weaver, Kassidy",4,0.0,11,2.0,3,1,1,0.0,0,5.0,2,4,6.0,0.0,0.0,0,0,0.0,0.6666666666666666,1.0,,2.75,1.25,1.5
2020-21,"Wells, Ja'Kia",25,3.0,503,49.0,114,5,19,37.0,75,140.0,40,77,117.0,50.0,23.0,30,36,8.0,0.4298245614035088,0.2631578947368421,0.49333333333333335,20.12,5.6,4.68
2019-20,"Abunaja, Nicole",23,0.0,137,12.0,40,3,19,3.0,5,30.0,4,11,15.0,18.0,8.0,26,6,1.0,0.3,0.15789473684210525,0.6,5.956521739130435,1.3043478260869565,0.6521739130434783
2019-20,"Ates, Victoria",21,0.0,158,12.0,37,2,4,8.0,14,34.0,17,15,32.0,13.0,11.0,14,14,0.0,0.32432432432432434,0.5,0.5714285714285714,7.523809523809524,1.619047619047619,1.5238095238095237
2019-20,"Branscum, Kyrstin",29,9.0,405,41.0,101,4,16,25.0,35,111.0,35,31,66.0,39.0,12.0,27,9,3.0,0.40594059405940597,0.25,0.7142857142857143,13.96551724137931,3.8275862068965516,2.2758620689655173
2019-20,"Diaz, Erika",12,0.0,76,10.0,23,1,3,3.0,11,24.0,4,8,12.0,9.0,7.0,18,3,0.0,0.43478260869565216,0.3333333333333333,0.2727272727272727,6.333333333333333,2.0,1.0
2019-20,"Drew, Rajae",3,0.0,13,2.0,7,0,1,0.0,2,4.0,0,1,1.0,2.0,0.0,1,0,0.0,0.2857142857142857,0.0,0.0,4.333333333333333,1.3333333333333333,0.3333333333333333
2019-20,"Evans, Amber",7,0.0,19,0.0,4,0,2,1.0,2,1.0,1,2,3.0,3.0,0.0,1,0,1.0,0.0,0.0,0.5,2.7142857142857144,0.14285714285714285,0.42857142857142855
2019-20,"Gillen, Elle",30,19.0,625,56.0,196,37,158,29.0,33,178.0,11,63,74.0,80.0,48.0,37,20,9.0,0.2857142857142857,0.23417721518987342,0.8787878787878788,20.833333333333332,5.933333333333334,2.466666666666667
2019-20,"Griffin, Tatum",30,0.0,301,28.0,92,14,52,15.0,20,85.0,7,24,31.0,28.0,30.0,50,10,1.0,0.30434782608695654,0.2692307692307692,0.75,10.033333333333333,2.8333333333333335,1.0333333333333334
2019-20,"Guillory, Imani",5,0.0,42,2.0,14,1,10,2.0,2,7.0,3,5,8.0,9.0,0.0,0,1,2.0,0.14285714285714285,0.1,1.0,8.4,1.4,1.6
2019-20,"Harlow, Brittni",18,3.0,136,5.0,20,2,4,11.0,14,23.0,7,11,18.0,14.0,5.0,4,1,0.0,0.25,0.5,0.7857142857142857,7.555555555555555,1.2777777777777777,1.0
2019-20,"Holt, Danielle",30,30.0,826,80.0,152,2,2,41.0,76,203.0,62,109,171.0,67.0,46.0,52,48,8.0,0.5263157894736842,1.0,0.5394736842105263,27.533333333333335,6.766666666666667,5.7
2019-20,"Hurst, Haley",28,0.0,339,44.0,125,0,0,28.0,52,116.0,24,52,76.0,64.0,14.0,43,10,7.0,0.352,,0.5384615384615384,12.107142857142858,4.142857142857143,2.7142857142857144
2019-20,"Jarvis, Britney",28,21.0,526,69.0,214,41,135,13.0,22,192.0,18,31,49.0,53.0,15.0,27,51,2.0,0.32242990654205606,0.3037037037037037,0.5909090909090909,18.785714285714285,6.857142857142857,1.75
2019-20,"Moseley, Maison",30,29.0,800,95.0,233,8,42,89.0,120,287.0,39,47,86.0,47.0,66.0,85,50,2.0,0.40772532188841204,0.19047619047619047,0.7416666666666667,26.666666666666668,9.566666666666666,2.8666666666666667
2019-20,"Olivar, Kalli",1,0.0,2,0.0,0,0,0,0.0,0,0.0,0,0,0.0,0.0,0.0,0,0,0.0,,,,2.0,0.0,0.0
2019-20,"Osborn, Taylor",24,1.0,158,16.0,40,13,34,3.0,6,48.0,1,10,11.0,18.0,11.0,10,6,0.0,0.4,0.38235294117647056,0.5,6.583333333333333,2.0,0.4583333333333333
2019-20,"Roberts, Brittany",30,30.0,861,224.0,473,0,3,124.0,253,572.0,108,266,374.0,103.0,68.0,126,55,26.0,0.47357293868921774,0.0,0.4901185770750988,28.7,19.066666666666666,12.466666666666667
2019-20,"Schultehenrich, Molly",16,0.0,142,9.0,26,5,21,1.0,2,24.0,1,13,14.0,18.0,2.0,4,7,1.0,0.34615384615384615,0.23809523809523808,0.5,8.875,1.5,0.875
2019-20,"Upchurch, Kenajah",30,8.0,405,39.0,122,5,29,16.0,45,99.0,24,41,65.0,66.0,16.0,27,30,4.0,0.319672131147541,0.1724137931034483,0.35555555555555557,13.5,3.3,2.1666666666666665
2019-20,"Weaver, Kassidy",1,0.0,9,1.0,3,0,0,0.0,0,2.0,0,5,5.0,2.0,1.0,3,0,1.0,0.3333333333333333,,,9.0,2.0,5.0
2018-19,"Abunaja, Nicole",5,0.0,13,0.0,4,0,3,0.0,0,0.0,0,0,0.0,0.0,1.0,0,2,0.0,0.0,0.0,,2.6,0.0,0.0
2018-19,"Branscum, Kyrstin",29,1.0,300,23.0,53,5,20,18.0,21,69.0,11,23,34.0,28.0,7.0,23,6,7.0,0.4339622641509434,0.25,0.8571428571428571,10.344827586206897,2.3793103448275863,1.1724137931034482
2018-19,"DeLuca, Brooke",30,28.0,837,67.0,237,40,145,45.0,57,219.0,23,63,86.0,54.0,38.0,58,35,1.0,0.28270042194092826,0.27586206896551724,0.7894736842105263,27.9,7.3,2.8666666666666667
2018-19,"Ezekiel, Kenzie",1,1.0,25,7.0,11,2,5,0.0,3,16.0,2,2,4.0,2.0,1.0,1,1,0.0,0.6363636363636364,0.4,0.0,25.0,16.0,4.0
2018-19,"Gillen, Elle",28,2.0,388,63.0,185,49,146,26.0,41,201.0,17,41,58.0,49.0,19.0,42,17,2.0,0.34054054054054056,0.3356164383561644,0.6341463414634146,13.857142857142858,7.178571428571429,2.0714285714285716
2018-19,"Gonzalez, Victoria",3,0.0,13,2.0,5,0,1,1.0,1,5.0,0,0,0.0,0.0,1.0,0,0,0.0,0.4,0.0,1.0,4.333333333333333,1.6666666666666667,0.0
2018-19,"Harlow, Brittni",29,0.0,331,21.0,74,5,22,35.0,50,82.0,24,20,44.0,35.0,17.0,33,13,0.0,0.28378378378378377,0.22727272727272727,0.7,11.413793103448276,2.8275862068965516,1.5172413793103448
2018-19,"Holt, Danielle",30,30.0,821,63.0,163,3,15,40.0,79,169.0,91,139,230.0,79.0,33.0,58,51,19.0,0.38650306748466257,0.2,0.5063291139240507,27.366666666666667,5.633333333333334,7.666666666666667
2018-19,"Hurst, Haley",20,0.0,91,8.0,25,0,0,8.0,13,24.0,3,10,13.0,16.0,2.0,9,0,5.0,0.32,,0.6153846153846154,4.55,1.2,0.65
2018-19,"King, Sarah",1,0.0,3,1.0,1,1,1,2.0,2,5.0,0,0,0.0,0.0,0.0,0,0,0.0,1.0,1.0,1.0,3.0,5.0,0.0
2018-19,"Mikulski, Micayla",20,0.0,98,10.0,28,0,2,13.0,18,33.0,6,18,24.0,24.0,4.0,12,5,1.0,0.35714285714285715,0.0,0.7222222222222222,4.9,1.65,1.2
2018-19,"Morbley, Chae",1,0.0,15,1.0,1,0,0,0.0,0,2.0,0,1,1.0,1.0,0.0,1,0,0.0,1.0,,,15.0,2.0,1.0
2018-19,"Moseley, Maison",24,0.0,246,31.0,77,2,13,32.0,50,96.0,5,15,20.0,26.0,10.0,22,8,2.0,0.4025974025974026,0.15384615384615385,0.64,10.25,4.0,0.8333333333333334
2018-19,"Olvera, Julie",26,0.0,202,21.0,52,5,19,8.0,11,55.0,18,31,49.0,28.0,12.0,19,15,2.0,0.40384615384615385,0.2631578947368421,0.7272727272727273,7.769230769230769,2.1153846153846154,1.8846153846153846
2018-19,"Osborn, Taylor",25,1.0,142,9.0,48,7,35,4.0,6,29.0,5,13,18.0,14.0,9.0,17,3,0.0,0.1875,0.2,0.6666666666666666,5.68,1.16,0.72
2018-19,"Potter, Kristin",27,0.0,198,15.0,45,1,13,13.0,16,44.0,13,24,37.0,34.0,15.0,21,3,2.0,0.3333333333333333,0.07692307692307693,0.8125,7.333333333333333,1.6296296296296295,1.3703703703703705
2018-19,"Raimondi, Bela",30,20.0,567,44.0,152,18,83,23.0,27,129.0,24,17,41.0,64.0,22.0,36,29,3.0,0.2894736842105263,0.21686746987951808,0.8518518518518519,18.9,4.3,1.3666666666666667
2018-19,"Roberts, Brittany",29,28.0,828,145.0,371,0,0,77.0,171,367.0,89,206,295.0,105.0,40.0,118,64,20.0,0.3908355795148248,,0.4502923976608187,28.551724137931036,12.655172413793103,10.172413793103448
2018-19,"Rodriguez, Scarlet",6,0.0,13,0.0,1,0,1,0.0,2,0.0,0,0,0.0,2.0,2.0,1,0,0.0,0.0,0.0,0.0,2.1666666666666665,0.0,0.0
2018-19,"Spottedtail, Neola",1,0.0,3,0.0,0,0,0,0.0,0,0.0,0,0,0.0,1.0,0.0,0,0,0.0,,,,3.0,0.0,0.0
2018-19,"Tims, Asya",30,29.0,817,85.0,222,21,66,109.0,153,300.0,54,64,118.0,76.0,61.0,81,40,3.0,0.38288288288288286,0.3181818181818182,0.7124183006535948,27.233333333333334,10.0,3.933333333333333
2018-19,"White, Sonerka",9,9.0,211,35.0,113,10,46,38.0,65,118.0,3,42,45.0,28.0,13.0,30,17,0.0,0.30973451327433627,0.21739130434782608,0.5846153846153846,23.444444444444443,13.11111111111111,5.0
2018-19,"Whitley, Emily",3,1.0,17,4.0,10,0,0,0.0,0,8.0,0,2,2.0,2.0,0.0,1,0,0.0,0.4,,,5.666666666666667,2.6666666666666665,0.6666666666666666
2017-18,"Abunaja, Nicole",14,0.0,126,15.0,44,13,39,0.0,3,43.0,5,4,9.0,21.0,5.0,14,2,0.0,0.3409090909090909,0.3333333333333333,0.0,9.0,3.0714285714285716,0.6428571428571429
2017-18,"Battle, Kristina",28,7.0,409,47.0,132,12,44,30.0,61,136.0,10,37,47.0,51.0,27.0,31,26,6.0,0.3560606060606061,0.2727272727272727,0.4918032786885246,14.607142857142858,4.857142857142857,1.6785714285714286
2017-18,"Coe, Brooklyn",30,30.0,931,109.0,273,29,115,75.0,111,322.0,38,54,92.0,84.0,41.0,60,29,6.0,0.3992673992673993,0.25217391304347825,0.6756756756756757,31.033333333333335,10.733333333333333,3.066666666666667
2017-18,"DeLuca, Brooke",30,11.0,751,49.0,148,26,85,12.0,25,136.0,21,73,94.0,49.0,39.0,42,31,3.0,0.3310810810810811,0.3058823529411765,0.48,25.033333333333335,4.533333333333333,3.1333333333333333
2017-18,"Gillen, Elle",7,0.0,31,3.0,8,2,6,5.0,6,13.0,2,5,7.0,3.0,2.0,2,1,0.0,0.375,0.3333333333333333,0.8333333333333334,4.428571428571429,1.8571428571428572,1.0
2017-18,"Harlow, Brittni",4,0.0,19,1.0,7,0,1,4.0,9,6.0,3,0,3.0,1.0,3.0,1,0,0.0,0.14285714285714285,0.0,0.4444444444444444,4.75,1.5,0.75
2017-18,"Holt, Danielle",30,20.0,644,69.0,162,3,20,41.0,81,182.0,71,115,186.0,80.0,33.0,46,34,11.0,0.42592592592592593,0.15,0.5061728395061729,21.466666666666665,6.066666666666666,6.2
2017-18,"Kuhn, RJ",4,0.0,32,4.0,12,2,8,3.0,4,13.0,2,4,6.0,5.0,4.0,7,0,0.0,0.3333333333333333,0.25,0.75,8.0,3.25,1.5
2017-18,"Milum, Maressah",18,8.0,228,23.0,44,0,2,30.0,39,76.0,21,36,57.0,25.0,11.0,29,16,3.0,0.5227272727272727,0.0,0.7692307692307693,12.666666666666666,4.222222222222222,3.1666666666666665
2017-18,"Olvera, Julie",26,1.0,268,23.0,75,13,53,15.0,19,74.0,15,31,46.0,24.0,11.0,23,17,3.0,0.30666666666666664,0.24528301886792453,0.7894736842105263,10.307692307692308,2.8461538461538463,1.7692307692307692
2017-18,"Richardson, Cami",30,30.0,871,98.0,258,35,103,71.0,97,302.0,34,133,167.0,67.0,81.0,80,48,18.0,0.3798449612403101,0.33980582524271846,0.7319587628865979,29.033333333333335,10.066666666666666,5.566666666666666
2017-18,"Roberts, Brittany",25,14.0,437,70.0,175,0,0,39.0,97,179.0,66,79,145.0,72.0,7.0,67,17,10.0,0.4,,0.4020618556701031,17.48,7.16,5.8
2017-18,"Van Donselaar, Emma",20,8.0,361,27.0,72,1,7,21.0,34,76.0,18,38,56.0,33.0,12.0,24,12,2.0,0.375,0.14285714285714285,0.6176470588235294,18.05,3.8,2.8
2017-18,"White, Sonerka",29,21.0,630,138.0,373,43,157,70.0,109,389.0,22,74,96.0,71.0,40.0,74,43,4.0,0.3699731903485255,0.27388535031847133,0.6422018348623854,21.724137931034484,13.413793103448276,3.310344827586207
2017-18,"Zimmerman, Brooke",26,0.0,300,29.0,57,0,0,11.0,22,69.0,32,61,93.0,51.0,15.0,22,7,8.0,0.5087719298245614,,0.5,11.538461538461538,2.6538461538461537,3.576923076923077
2016-17,"Allen, Amanda",10,0.0,121,15.0,51,1,12,10.0,13,41.0,6,26,32.0,23.0,5.0,10,4,8.0,0.29411764705882354,0.08333333333333333,0.7692307692307693,12.1,4.1,3.2
2016-17,"Bacon, Isabella",14,0.0,289,37.0,95,31,72,15.0,18,120.0,1,14,15.0,26.0,10.0,18,6,0.0,0.3894736842105263,0.4305555555555556,0.8333333333333334,20.642857142857142,8.571428571428571,1.0714285714285714
2016-17,"Battle, Kristina",30,27.0,771,86.0,271,11,62,62.0,108,245.0,33,59,92.0,78.0,49.0,75,37,9.0,0.3173431734317343,0.1774193548387097,0.5740740740740741,25.7,8.166666666666666,3.066666666666667
2016-17,"Coe, Brooklyn",29,29.0,871,115.0,240,17,58,80.0,126,327.0,40,55,95.0,96.0,33.0,57,26,8.0,0.4791666666666667,0.29310344827586204,0.6349206349206349,30.03448275862069,11.275862068965518,3.2758620689655173
2016-17,"DeLuca, Brooke",30,10.0,712,49.0,166,20,84,8.0,21,126.0,23,76,99.0,37.0,38.0,47,23,1.0,0.29518072289156627,0.23809523809523808,0.38095238095238093,23.733333333333334,4.2,3.3
2016-17,"Gonzalez, Victoria",19,0.0,269,34.0,78,20,42,7.0,11,95.0,5,41,46.0,30.0,9.0,16,11,7.0,0.4358974358974359,0.47619047619047616,0.6363636363636364,14.157894736842104,5.0,2.4210526315789473
2016-17,"Harlow, Brittni",7,0.0,67,3.0,19,1,5,13.0,22,20.0,6,8,14.0,6.0,2.0,3,3,0.0,0.15789473684210525,0.2,0.5909090909090909,9.571428571428571,2.857142857142857,2.0
2016-17,"Holt, Danielle",30,28.0,765,76.0,191,0,6,29.0,66,181.0,61,155,216.0,73.0,22.0,84,25,8.0,0.39790575916230364,0.0,0.4393939393939394,25.5,6.033333333333333,7.2
2016-17,"Kelly, Kendahl",19,0.0,124,4.0,30,3,26,6.0,8,17.0,2,7,9.0,7.0,5.0,8,0,0.0,0.13333333333333333,0.11538461538461539,0.75,6.526315789473684,0.8947368421052632,0.47368421052631576
2016-17,"Kuhn, RJ",20,0.0,184,18.0,56,15,46,3.0,4,54.0,5,5,10.0,11.0,13.0,25,8,0.0,0.32142857142857145,0.32608695652173914,0.75,9.2,2.7,0.5
2016-17,"Milum, Maressah",10,1.0,145,21.0,46,0,0,20.0,29,62.0,15,28,43.0,19.0,12.0,20,4,1.0,0.45652173913043476,,0.6896551724137931,14.5,6.2,4.3
2016-17,"Richardson, Cami",30,30.0,938,114.0,253,29,91,83.0,112,340.0,54,149,203.0,70.0,113.0,103,52,21.0,0.4505928853754941,0.31868131868131866,0.7410714285714286,31.266666666666666,11.333333333333334,6.766666666666667
2016-17,"Van Donselaar, Emma",24,0.0,352,28.0,70,3,15,44.0,60,103.0,15,31,46.0,36.0,15.0,31,14,1.0,0.4,0.2,0.7333333333333333,14.666666666666666,4.291666666666667,1.9166666666666667
2016-17,"Zimmerman, Brooke",30,25.0,505,42.0,108,0,0,9.0,29,93.0,33,96,129.0,76.0,9.0,44,15,11.0,0.3888888888888889,,0.3103448275862069,16.833333333333332,3.1,4.3
2015-16,"Acklin, Megan",26,5.0,278,21.0,62,9,40,4.0,4,55.0,7,38,45.0,34.0,14.0,18,7,2.0,0.3387096774193548,0.225,1.0,10.692307692307692,2.1153846153846154,1.7307692307692308
2015-16,"Allen, Amanda",31,14.0,605,75.0,208,16,71,24.0,34,190.0,39,91,130.0,91.0,14.0,29,11,35.0,0.3605769230769231,0.22535211267605634,0.7058823529411765,19.516129032258064,6.129032258064516,4.193548387096774
2015-16,"Battle, Kristina",30,6.0,596,52.0,159,16,46,43.0,68,163.0,22,57,79.0,49.0,43.0,49,28,3.0,0.3270440251572327,0.34782608695652173,0.6323529411764706,19.866666666666667,5.433333333333334,2.6333333333333333
2015-16,"Brown, Bailey",31,31.0,1081,125.0,301,33,96,189.0,226,472.0,60,102,162.0,74.0,43.0,64,65,2.0,0.4152823920265781,0.34375,0.8362831858407079,34.87096774193548,15.225806451612904,5.225806451612903
2015-16,"Bruner, Ashton",30,30.0,949,171.0,391,3,14,119.0,186,464.0,70,186,256.0,86.0,71.0,129,39,34.0,0.4373401534526854,0.21428571428571427,0.6397849462365591,31.633333333333333,15.466666666666667,8.533333333333333
2015-16,"DeLuca, Brooke",28,3.0,539,41.0,120,13,43,9.0,17,104.0,27,49,76.0,44.0,22.0,39,16,2.0,0.3416666666666667,0.3023255813953488,0.5294117647058824,19.25,3.7142857142857144,2.7142857142857144
2015-16,"James, Megan",9,0.0,45,1.0,10,0,3,4.0,6,6.0,2,2,4.0,3.0,3.0,6,0,0.0,0.1,0.0,0.6666666666666666,5.0,0.6666666666666666,0.4444444444444444
2015-16,"Jefferson, Whitney",24,14.0,284,5.0,18,0,4,7.0,17,17.0,6,22,28.0,23.0,23.0,19,2,1.0,0.2777777777777778,0.0,0.4117647058823529,11.833333333333334,0.7083333333333334,1.1666666666666667
2015-16,"Kelly, Kendahl",19,0.0,145,12.0,32,9,25,4.0,6,37.0,0,5,5.0,9.0,2.0,5,4,0.0,0.375,0.36,0.6666666666666666,7.631578947368421,1.9473684210526316,0.2631578947368421
2015-16,"Lee, Taryn",10,0.0,50,3.0,9,0,0,7.0,10,13.0,8,7,15.0,9.0,0.0,2,1,1.0,0.3333333333333333,,0.7,5.0,1.3,1.5
2015-16,"McClellan, Reagan",27,14.0,495,29.0,60,0,5,15.0,33,73.0,7,62,69.0,52.0,51.0,75,41,3.0,0.48333333333333334,0.0,0.45454545454545453,18.333333333333332,2.7037037037037037,2.5555555555555554
2015-16,"Smart, Georgia",29,13.0,510,73.0,175,2,3,44.0,69,192.0,63,59,122.0,65.0,17.0,44,14,26.0,0.41714285714285715,0.6666666666666666,0.6376811594202898,17.586206896551722,6.620689655172414,4.206896551724138
2015-16,"Smart, Sunny",30,25.0,730,66.0,213,43,162,30.0,41,205.0,23,79,102.0,59.0,17.0,34,14,3.0,0.30985915492957744,0.2654320987654321,0.7317073170731707,24.333333333333332,6.833333333333333,3.4
2014-15,"Abra, Zatorian",30,11.0,760,63.0,200,12,56,36.0,62,174.0,28,72,100.0,81.0,48.0,80,48,5.0,0.315,0.21428571428571427,0.5806451612903226,25.333333333333332,5.8,3.3333333333333335
2014-15,"Acklin, Megan",30,4.0,479,41.0,113,7,32,15.0,23,104.0,33,59,92.0,61.0,25.0,55,3,13.0,0.36283185840707965,0.21875,0.6521739130434783,15.966666666666667,3.466666666666667,3.066666666666667
2014-15,"Atkins, Callie",30,17.0,563,42.0,154,27,105,15.0,27,126.0,8,37,45.0,65.0,25.0,67,22,0.0,0.2727272727272727,0.2571428571428571,0.5555555555555556,18.766666666666666,4.2,1.5
2014-15,"Brown, Bailey",30,30.0,1055,136.0,334,23,82,193.0,261,488.0,74,124,198.0,82.0,70.0,102,57,2.0,0.40718562874251496,0.2804878048780488,0.7394636015325671,35.166666666666664,16.266666666666666,6.6
2014-15,"Bryant, Emeli",9,0.0,45,3.0,16,2,10,2.0,3,10.0,6,4,10.0,2.0,4.0,3,2,0.0,0.1875,0.2,0.6666666666666666,5.0,1.1111111111111112,1.1111111111111112
2014-15,"Castaneda, Brianna",9,0.0,79,3.0,25,2,16,2.0,4,10.0,0,1,1.0,14.0,4.0,15,1,0.0,0.12,0.125,0.5,8.777777777777779,1.1111111111111112,0.1111111111111111
2014-15,"Demaret, Alicia",30,18.0,545,79.0,173,0,11,28.0,42,186.0,41,124,165.0,59.0,23.0,49,18,48.0,0.45664739884393063,0.0,0.6666666666666666,18.166666666666668,6.2,5.5
2014-15,"James, Megan",18,0.0,119,6.0,25,3,9,7.0,16,22.0,4,14,18.0,8.0,3.0,10,4,2.0,0.24,0.3333333333333333,0.4375,6.611111111111111,1.2222222222222223,1.0
2014-15,"Jefferson, Whitney",30,28.0,755,21.0,70,5,23,18.0,40,65.0,14,53,67.0,53.0,70.0,102,16,1.0,0.3,0.21739130434782608,0.45,25.166666666666668,2.1666666666666665,2.2333333333333334
2014-15,"Smart, Georgia",30,12.0,518,61.0,153,1,11,53.0,92,176.0,53,78,131.0,86.0,23.0,73,10,26.0,0.39869281045751637,0.09090909090909091,0.5760869565217391,17.266666666666666,5.866666666666666,4.366666666666666
2014-15,"Smart, Sunny",30,30.0,1021,128.0,370,82,267,61.0,84,399.0,44,167,211.0,69.0,71.0,77,40,9.0,0.34594594594594597,0.30711610486891383,0.7261904761904762,34.03333333333333,13.3,7.033333333333333
2014-15,"Tejero, Brenda",10,0.0,55,3.0,12,3,11,1.0,2,10.0,2,9,11.0,5.0,1.0,7,3,1.0,0.25,0.2727272727272727,0.5,5.5,1.0,1.1
2014-15,"Wilson, Georgia",2,0.0,4,0.0,1,0,0,0.0,0,0.0,0,0,0.0,0.0,0.0,1,0,0.0,0.0,,,2.0,0.0,0.0
2013-14,"Atkins, Callie",28,0.0,348,32.0,116,18,69,11.0,21,93.0,9,30,39.0,39.0,17.0,28,8,3.0,0.27586206896551724,0.2608695652173913,0.5238095238095238,12.428571428571429,3.3214285714285716,1.3928571428571428
2013-14,"Barton, Aubrey",31,31.0,813,138.0,313,12,49,122.0,157,410.0,66,134,200.0,80.0,40.0,102,41,43.0,0.44089456869009586,0.24489795918367346,0.7770700636942676,26.225806451612904,13.225806451612904,6.451612903225806
2013-14,"Bell, Lainey",2,0.0,6,0.0,2,0,1,0.0,0,0.0,0,0,0.0,0.0,0.0,2,0,0.0,0.0,0.0,,3.0,0.0,0.0
2013-14,"Brown, Bailey",31,31.0,997,96.0,243,25,89,140.0,183,357.0,55,135,190.0,70.0,62.0,74,53,3.0,0.3950617283950617,0.2808988764044944,0.7650273224043715,32.16129032258065,11.516129032258064,6.129032258064516
2013-14,"Deckard, Kalyn",3,0.0,10,0.0,1,0,0,2.0,2,2.0,0,0,0.0,1.0,0.0,0,0,0.0,0.0,,1.0,3.3333333333333335,0.6666666666666666,0.0
2013-14,"Ellis, Stephanie",12,0.0,59,2.0,11,1,3,2.0,3,7.0,2,6,8.0,8.0,0.0,9,1,0.0,0.18181818181818182,0.3333333333333333,0.6666666666666666,4.916666666666667,0.5833333333333334,0.6666666666666666
2013-14,"Engelbert, Cami",31,31.0,760,86.0,186,4,21,32.0,60,208.0,57,84,141.0,66.0,46.0,53,12,5.0,0.46236559139784944,0.19047619047619047,0.5333333333333333,24.516129032258064,6.709677419354839,4.548387096774194
2013-14,"Gillespie, Breahna",31,31.0,763,56.0,157,14,52,25.0,38,151.0,42,111,153.0,66.0,61.0,76,36,7.0,0.35668789808917195,0.2692307692307692,0.6578947368421053,24.612903225806452,4.870967741935484,4.935483870967742
2013-14,"Griffith, Amara",6,0.0,23,0.0,3,0,1,0.0,2,0.0,0,1,1.0,4.0,1.0,0,1,0.0,0.0,0.0,0.0,3.8333333333333335,0.0,0.16666666666666666
2013-14,"Jefferson, Whitney",31,31.0,826,22.0,98,8,45,36.0,71,88.0,19,73,92.0,52.0,67.0,95,27,0.0,0.22448979591836735,0.17777777777777778,0.5070422535211268,26.64516129032258,2.838709677419355,2.967741935483871
2013-14,"Short, Chandler",31,0.0,598,69.0,196,29,95,52.0,74,219.0,25,42,67.0,65.0,34.0,60,19,5.0,0.3520408163265306,0.30526315789473685,0.7027027027027027,19.29032258064516,7.064516129032258,2.161290322580645
2013-14,"Smart, Sunny",31,0.0,666,69.0,223,50,158,46.0,56,234.0,24,99,123.0,42.0,43.0,43,23,5.0,0.3094170403587444,0.31645569620253167,0.8214285714285714,21.483870967741936,7.548387096774194,3.967741935483871
2013-14,"Tejero, Brenda",7,0.0,24,4.0,6,4,6,1.0,3,13.0,0,1,1.0,5.0,1.0,1,0,0.0,0.6666666666666666,0.6666666666666666,0.3333333333333333,3.4285714285714284,1.8571428571428572,0.14285714285714285
2013-14,"White, Riley",26,0.0,290,18.0,48,0,0,23.0,40,59.0,20,52,72.0,39.0,7.0,28,7,8.0,0.375,,0.575,11.153846153846153,2.269230769230769,2.769230769230769
2013-14,"Wilburn, Trachell",9,0.0,31,1.0,2,0,0,1.0,4,3.0,2,2,4.0,5.0,0.0,3,3,0.0,0.5,,0.25,3.4444444444444446,0.3333333333333333,0.4444444444444444
2012-13,"Ast, Jill",6,0.0,23,1.0,9,0,2,2.0,2,4.0,5,3,8.0,2.0,1.0,1,0,0.0,0.1111111111111111,0.0,1.0,3.8333333333333335,0.6666666666666666,1.3333333333333333
2012-13,"Brewster, Ali",29,29.0,822,70.0,230,14,59,96.0,149,250.0,34,89,123.0,60.0,66.0,87,43,3.0,0.30434782608695654,0.23728813559322035,0.6442953020134228,28.344827586206897,8.620689655172415,4.241379310344827
2012-13,"Brown, Bailey",29,18.0,671,50.0,159,18,60,85.0,113,203.0,25,45,70.0,60.0,36.0,65,21,1.0,0.31446540880503143,0.3,0.7522123893805309,23.137931034482758,7.0,2.413793103448276
2012-13,"Chambers, Madison",29,26.0,796,81.0,209,6,33,35.0,65,203.0,60,118,178.0,55.0,47.0,54,54,3.0,0.3875598086124402,0.18181818181818182,0.5384615384615384,27.448275862068964,7.0,6.137931034482759
2012-13,"Chaney, Natasha",4,0.0,11,2.0,3,0,0,0.0,0,4.0,0,0,0.0,0.0,0.0,0,3,1.0,0.6666666666666666,,,2.75,1.0,0.0
2012-13,"Cooper, Beth",29,0.0,452,48.0,117,9,26,13.0,17,118.0,10,51,61.0,26.0,44.0,55,15,3.0,0.41025641025641024,0.34615384615384615,0.7647058823529411,15.586206896551724,4.068965517241379,2.103448275862069
2012-13,"Cramer, Kaylee",29,29.0,684,83.0,203,4,30,46.0,57,216.0,53,93,146.0,60.0,38.0,32,25,9.0,0.4088669950738916,0.13333333333333333,0.8070175438596491,23.586206896551722,7.448275862068965,5.0344827586206895
2012-13,"Eisenhour, Cheyenne",28,28.0,748,61.0,166,24,80,63.0,97,209.0,27,99,126.0,91.0,51.0,59,39,4.0,0.3674698795180723,0.3,0.6494845360824743,26.714285714285715,7.464285714285714,4.5
2012-13,"Engelbert, Cami",27,0.0,412,48.0,91,4,7,21.0,34,121.0,45,44,89.0,43.0,16.0,37,6,0.0,0.5274725274725275,0.5714285714285714,0.6176470588235294,15.25925925925926,4.481481481481482,3.2962962962962963
2012-13,"Gillespie, Breahna",17,0.0,156,14.0,44,1,8,7.0,12,36.0,11,20,31.0,17.0,6.0,17,6,0.0,0.3181818181818182,0.125,0.5833333333333334,9.176470588235293,2.1176470588235294,1.8235294117647058
2012-13,"Harrold, Krushanda",8,0.0,56,7.0,19,0,0,1.0,2,15.0,1,23,24.0,9.0,1.0,7,3,1.0,0.3684210526315789,,0.5,7.0,1.875,3.0
2012-13,"Jefferson, Whitney",7,0.0,17,0.0,5,0,4,0.0,0,0.0,1,3,4.0,0.0,3.0,3,1,0.0,0.0,0.0,,2.4285714285714284,0.0,0.5714285714285714
2012-13,"Pittas, Brittany",11,11.0,321,72.0,164,33,75,17.0,19,194.0,10,24,34.0,22.0,8.0,36,15,1.0,0.43902439024390244,0.44,0.8947368421052632,29.181818181818183,17.636363636363637,3.090909090909091
2012-13,"Puttergill, Tayler",20,4.0,365,67.0,188,10,46,27.0,41,171.0,33,94,127.0,45.0,7.0,40,11,5.0,0.35638297872340424,0.21739130434782608,0.6585365853658537,18.25,8.55,6.35
2012-13,"Savage, Chelsea",9,0.0,48,7.0,29,4,18,8.0,12,26.0,0,2,2.0,1.0,3.0,0,2,0.0,0.2413793103448276,0.2222222222222222,0.6666666666666666,5.333333333333333,2.888888888888889,0.2222222222222222
2012-13,"Short, Chandler",28,0.0,295,23.0,87,11,46,17.0,25,74.0,8,29,37.0,35.0,14.0,17,6,0.0,0.26436781609195403,0.2391304347826087,0.68,10.535714285714286,2.642857142857143,1.3214285714285714
2012-13,"Verdieck, Tori",2,0.0,4,0.0,1,0,0,0.0,0,0.0,0,0,0.0,2.0,0.0,0,0,0.0,0.0,,,2.0,0.0,0.0
2011-12,"Brewster, Ali",29,0.0,385,26.0,77,6,15,40.0,61,98.0,27,31,58.0,44.0,28.0,51,27,2.0,0.33766233766233766,0.4,0.6557377049180327,13.275862068965518,3.3793103448275863,2.0
2011-12,"Chambers, Madison",29,29.0,767,67.0,173,3,19,34.0,53,171.0,62,95,157.0,45.0,75.0,59,56,9.0,0.3872832369942196,0.15789473684210525,0.6415094339622641,26.448275862068964,5.896551724137931,5.413793103448276
2011-12,"Cramer, Kaylee",29,1.0,650,48.0,133,2,8,29.0,41,127.0,52,118,170.0,63.0,46.0,43,38,13.0,0.3609022556390977,0.25,0.7073170731707317,22.413793103448278,4.379310344827586,5.862068965517241
2011-12,"Ellis, Stephanie",1,0.0,1,0.0,0,0,0,0.0,0,0.0,0,0,0.0,0.0,0.0,0,0,0.0,,,,1.0,0.0,0.0
2011-12,"Frey, Elice",29,29.0,710,122.0,277,0,1,57.0,92,301.0,65,111,176.0,87.0,20.0,48,35,62.0,0.4404332129963899,0.0,0.6195652173913043,24.482758620689655,10.379310344827585,6.068965517241379
2011-12,"Gillespie, Breahna",5,0.0,27,2.0,5,0,0,3.0,5,7.0,5,3,8.0,2.0,1.0,1,0,1.0,0.4,,0.6,5.4,1.4,1.6
2011-12,"Gillespie, Sierra",7,1.0,28,2.0,6,0,2,3.0,7,7.0,5,4,9.0,8.0,2.0,8,1,0.0,0.3333333333333333,0.0,0.42857142857142855,4.0,1.0,1.2857142857142858
2011-12,"Green, Brittany",1,0.0,3,0.0,1,0,0,1.0,2,1.0,0,0,0.0,3.0,0.0,1,0,0.0,0.0,,0.5,3.0,1.0,0.0
2011-12,"Harrold, Krushanda",4,0.0,44,8.0,22,0,0,3.0,6,19.0,4,11,15.0,8.0,1.0,3,1,2.0,0.36363636363636365,,0.5,11.0,4.75,3.75
2011-12,"Heeke, Becca",7,0.0,41,6.0,9,0,0,1.0,5,13.0,7,9,16.0,7.0,0.0,5,5,2.0,0.6666666666666666,,0.2,5.857142857142857,1.8571428571428572,2.2857142857142856
2011-12,"Jernigan, Kayla",16,0.0,143,13.0,35,7,23,1.0,2,34.0,4,12,16.0,9.0,6.0,22,1,2.0,0.37142857142857144,0.30434782608695654,0.5,8.9375,2.125,1.0
2011-12,"Peters, Taylor",1,0.0,3,0.0,3,0,0,0.0,0,0.0,0,0,0.0,0.0,0.0,0,1,0.0,0.0,,,3.0,0.0,0.0
2011-12,"Pittas, Brittany",27,5.0,611,108.0,300,46,147,54.0,73,316.0,22,39,61.0,46.0,30.0,50,38,3.0,0.36,0.3129251700680272,0.7397260273972602,22.62962962962963,11.703703703703704,2.259259259259259
2011-12,"Porter, Kt",29,23.0,718,139.0,331,34,100,45.0,66,357.0,18,46,64.0,55.0,48.0,91,46,4.0,0.4199395770392749,0.34,0.6818181818181818,24.75862068965517,12.310344827586206,2.206896551724138
2011-12,"Puttergill, Tayler",29,27.0,606,105.0,269,10,42,47.0,71,267.0,48,105,153.0,72.0,22.0,62,22,8.0,0.3903345724907063,0.23809523809523808,0.6619718309859155,20.896551724137932,9.206896551724139,5.275862068965517
2011-12,"Schrag, Taylor",23,0.0,239,9.0,43,1,10,20.0,30,39.0,7,25,32.0,18.0,9.0,20,14,2.0,0.20930232558139536,0.1,0.6666666666666666,10.391304347826088,1.6956521739130435,1.391304347826087
2011-12,"Slater, Whitney",6,1.0,29,3.0,13,1,6,0.0,2,7.0,1,5,6.0,3.0,3.0,5,0,0.0,0.23076923076923078,0.16666666666666666,0.0,4.833333333333333,1.1666666666666667,1.0
2011-12,"Verdieck, Tori",12,0.0,87,5.0,12,0,0,6.0,12,16.0,5,14,19.0,17.0,2.0,12,3,6.0,0.4166666666666667,,0.5,7.25,1.3333333333333333,1.5833333333333333
2011-12,"Weisenburger, Brooke",29,29.0,695,41.0,125,8,47,36.0,46,126.0,26,60,86.0,54.0,57.0,66,24,1.0,0.328,0.1702127659574468,0.782608695652174,23.96551724137931,4.344827586206897,2.9655172413793105
2010-11,"Carman, Kadie",1,1.0,17,2.0,4,2,3,0.0,0,6.0,0,1,1.0,1.0,4.0,0,0,0.0,0.5,0.6666666666666666,,17.0,6.0,1.0
2010-11,"Chambers, Madison",28,20.0,795,65.0,196,1,20,41.0,76,172.0,53,95,148.0,49.0,44.0,84,54,9.0,0.33163265306122447,0.05,0.5394736842105263,28.392857142857142,6.142857142857143,5.285714285714286
2010-11,"Chaney, Natasha",21,0.0,239,23.0,83,7,10,9.0,15,62.0,14,29,43.0,29.0,7.0,10,11,1.0,0.27710843373493976,0.7,0.6,11.380952380952381,2.9523809523809526,2.0476190476190474
2010-11,"Coberly, Jacee",14,2.0,110,3.0,37,1,10,6.0,10,13.0,9,9,18.0,10.0,7.0,16,5,0.0,0.08108108108108109,0.1,0.6,7.857142857142857,0.9285714285714286,1.2857142857142858
2010-11,"Davis, Tonya",1,1.0,3,1.0,2,0,0,2.0,2,4.0,1,0,1.0,3.0,0.0,0,2,0.0,0.5,,1.0,3.0,4.0,1.0
2010-11,"Fields, Bria",1,0.0,0,0.0,0,0,0,0.0,0,0.0,0,0,0.0,0.0,0.0,0,0,0.0,,,,0.0,0.0,0.0
2010-11,"Fleming, Amanda",7,0.0,26,0.0,4,0,4,0.0,0,0.0,3,4,7.0,3.0,2.0,1,0,1.0,0.0,0.0,,3.7142857142857144,0.0,1.0
2010-11,"Florian, Brandi",19,0.0,179,16.0,40,0,0,16.0,20,48.0,25,21,46.0,22.0,1.0,7,7,0.0,0.4,,0.8,9.421052631578947,2.526315789473684,2.4210526315789473
2010-11,"Frey, Elice",28,27.0,633,93.0,208,0,0,48.0,88,234.0,59,106,165.0,75.0,14.0,57,21,21.0,0.44711538461538464,,0.5454545454545454,22.607142857142858,8.357142857142858,5.892857142857143
2010-11,"Frost, Amanda",1,0.0,20,8.0,10,0,0,6.0,6,22.0,5,6,11.0,1.0,2.0,1,0,2.0,0.8,,1.0,20.0,22.0,11.0
2010-11,"Gillespie, Breahna",26,4.0,365,31.0,92,1,7,21.0,40,84.0,33,46,79.0,36.0,11.0,30,15,3.0,0.33695652173913043,0.14285714285714285,0.525,14.038461538461538,3.230769230769231,3.0384615384615383
2010-11,"Gillespie, Sierra",27,2.0,435,24.0,88,14,38,17.0,37,79.0,25,29,54.0,54.0,28.0,47,18,0.0,0.2727272727272727,0.3684210526315789,0.4594594594594595,16.11111111111111,2.925925925925926,2.0
2010-11,"Lippert, Laura",1,0.0,20,3.0,10,2,4,0.0,0,8.0,3,4,7.0,1.0,5.0,1,2,0.0,0.3,0.5,,20.0,8.0,7.0
2010-11,"Mims, Micha",1,1.0,19,5.0,9,4,6,1.0,1,15.0,1,4,5.0,0.0,3.0,4,2,0.0,0.5555555555555556,0.6666666666666666,1.0,19.0,15.0,5.0
2010-11,"Ozbun, Kristen",28,27.0,959,132.0,385,43,118,82.0,128,389.0,32,89,121.0,58.0,56.0,90,36,7.0,0.34285714285714286,0.3644067796610169,0.640625,34.25,13.892857142857142,4.321428571428571
2010-11,"Reis, Lindsey",1,1.0,21,4.0,8,1,4,3.0,3,12.0,0,2,2.0,1.0,2.0,0,2,0.0,0.5,0.25,1.0,21.0,12.0,2.0
2010-11,"Slater, Whitney",25,8.0,371,19.0,102,2,33,18.0,22,58.0,25,32,57.0,26.0,28.0,52,17,0.0,0.18627450980392157,0.06060606060606061,0.8181818181818182,14.84,2.32,2.28
2010-11,"Sloan, Brooke",19,0.0,141,15.0,81,14,70,3.0,6,47.0,3,10,13.0,6.0,5.0,9,4,0.0,0.18518518518518517,0.2,0.5,7.421052631578948,2.473684210526316,0.6842105263157895
2010-11,"Verdieck, Tori",23,19.0,436,37.0,85,0,0,57.0,80,131.0,42,65,107.0,78.0,1.0,34,10,17.0,0.43529411764705883,,0.7125,18.956521739130434,5.695652173913044,4.6521739130434785
2010-11,"Weisenburger, Brooke",27,27.0,861,55.0,222,23,111,51.0,73,184.0,31,84,115.0,68.0,70.0,95,37,7.0,0.24774774774774774,0.2072072072072072,0.6986301369863014,31.88888888888889,6.814814814814815,4.2592592592592595
2009-10,"Arpin, Jessica",8,0.0,27,4.0,12,0,1,0.0,0,8.0,5,5,10.0,4.0,2.0,2,0,0.0,0.3333333333333333,0.0,,3.375,1.0,1.25
2009-10,"Austin, Andrea",1,1.0,0,5.0,8,2,2,0.0,0,12.0,2,4,6.0,4.0,0.0,3,0,0.0,0.625,1.0,,0.0,12.0,6.0
2009-10,"Coberly, Jacee",26,0.0,294,20.0,77,4,32,15.0,23,59.0,15,19,34.0,21.0,14.0,41,7,1.0,0.2597402597402597,0.125,0.6521739130434783,11.307692307692308,2.269230769230769,1.3076923076923077
2009-10,"Ducy, Michelle",26,26.0,753,67.0,213,13,59,18.0,47,165.0,71,69,140.0,62.0,89.0,93,50,4.0,0.3145539906103286,0.22033898305084745,0.3829787234042553,28.96153846153846,6.346153846153846,5.384615384615385
2009-10,"Florian, Brandi",23,0.0,99,6.0,12,0,0,1.0,2,13.0,5,11,16.0,11.0,3.0,7,5,0.0,0.5,,0.5,4.304347826086956,0.5652173913043478,0.6956521739130435
2009-10,"Foe, Ashley",1,1.0,0,1.0,3,0,1,1.0,2,3.0,1,2,3.0,1.0,3.0,2,1,0.0,0.3333333333333333,0.0,0.5,0.0,3.0,3.0
2009-10,"Groce, Lyvette",1,1.0,40,5.0,12,0,0,6.0,12,16.0,7,14,21.0,4.0,0.0,3,1,0.0,0.4166666666666667,,0.5,40.0,16.0,21.0
2009-10,"Hempe, Kelsey",12,0.0,122,8.0,32,0,1,3.0,7,19.0,11,21,32.0,18.0,4.0,7,3,3.0,0.25,0.0,0.42857142857142855,10.166666666666666,1.5833333333333333,2.6666666666666665
2009-10,"Huber, Vicki",1,0.0,40,0.0,2,0,1,7.0,8,7.0,0,2,2.0,1.0,2.0,1,0,0.0,0.0,0.0,0.875,40.0,7.0,2.0
2009-10,"James, Emily",26,1.0,351,24.0,103,6,23,10.0,19,64.0,14,52,66.0,52.0,7.0,25,13,17.0,0.23300970873786409,0.2608695652173913,0.5263157894736842,13.5,2.4615384615384617,2.5384615384615383
2009-10,"Jantz, Amy",13,1.0,35,1.0,5,1,2,0.0,2,3.0,1,4,5.0,1.0,3.0,5,3,0.0,0.2,0.5,0.0,2.6923076923076925,0.23076923076923078,0.38461538461538464
2009-10,"Mcguire, Jessica",1,0.0,20,0.0,2,0,0,0.0,2,0.0,1,3,4.0,2.0,0.0,1,0,0.0,0.0,,0.0,20.0,0.0,4.0
2009-10,"Ozbun, Kristen",26,26.0,800,134.0,356,39,115,49.0,63,356.0,44,80,124.0,50.0,43.0,33,38,7.0,0.37640449438202245,0.3391304347826087,0.7777777777777778,30.76923076923077,13.692307692307692,4.769230769230769
2009-10,"Poland, Stephanie",24,24.0,508,45.0,133,0,1,27.0,60,117.0,66,87,153.0,80.0,11.0,41,25,12.0,0.3383458646616541,0.0,0.45,21.166666666666668,4.875,6.375
2009-10,"Robinson, Shireana",26,14.0,645,98.0,250,1,6,39.0,76,236.0,65,80,145.0,66.0,16.0,43,16,12.0,0.392,0.16666666666666666,0.5131578947368421,24.807692307692307,9.076923076923077,5.576923076923077
2009-10,"Rotering, Anneliese",3,0.0,3,0.0,0,0,0,0.0,0,0.0,0,0,0.0,0.0,0.0,0,0,0.0,,,,1.0,0.0,0.0
2009-10,"Sharp, Carley",15,10.0,270,40.0,76,0,0,24.0,40,104.0,27,20,47.0,37.0,9.0,20,10,9.0,0.5263157894736842,,0.6,18.0,6.933333333333334,3.1333333333333333
2009-10,"Sloan, Brooke",25,1.0,165,22.0,83,17,67,10.0,14,71.0,3,9,12.0,14.0,10.0,16,3,1.0,0.26506024096385544,0.2537313432835821,0.7142857142857143,6.6,2.84,0.48
2009-10,"Solano, Nikki",1,0.0,0,0.0,0,0,0,0.0,0,0.0,0,0,0.0,0.0,0.0,0,0,0.0,,,,0.0,0.0,0.0
2009-10,"Teeters, Jamie",25,3.0,351,21.0,85,0,20,14.0,41,56.0,22,51,73.0,27.0,23.0,37,17,0.0,0.24705882352941178,0.0,0.34146341463414637,14.04,2.24,2.92
2009-10,"Turner, Tecie",6,0.0,24,1.0,8,0,1,1.0,3,3.0,3,2,5.0,3.0,0.0,3,0,0.0,0.125,0.0,0.3333333333333333,4.0,0.5,0.8333333333333334
2009-10,"Watts, Kelli",22,1.0,155,14.0,47,10,27,3.0,5,41.0,5,11,16.0,12.0,8.0,14,1,0.0,0.2978723404255319,0.37037037037037035,0.6,7.045454545454546,1.8636363636363635,0.7272727272727273
2009-10,"Weisenburger, Brooke",27,25.0,717,73.0,241,34,115,17.0,29,197.0,32,55,87.0,42.0,72.0,77,34,1.0,0.3029045643153527,0.2956521739130435,0.5862068965517241,26.555555555555557,7.296296296296297,3.2222222222222223
2001-02,Erica Alvarez,0,0.0,0,0.0,0,0,0,0.0,0,484.0,0,0,0.0,0.0,0.0,0,0,0.0,,,,,,
1963-64,Anne Kruse,0,0.0,0,0.0,0,0,0,0.0,0,23.3,0,0,0.0,0.0,0.0,0,0,0.0,,,,,,
1972-73,Laura Sundahl,0,0.0,0,207.0,0,0,0,0.0,0,0.0,0,0,0.0,0.0,0.0,0,0,0.0,,,,,,
1981-82,Susan Sundahl,0,0.0,0,447.0,0,0,0,0.0,0,0.0,0,0,0.0,0.0,0.0,0,0,0.0,,,,,,
2005-06,Sheila Bevan,0,0.0,0,0.0,0,0,0,0.0,0,0.0,0,0,0.0,0.0,0.0,0,0,0.0,,,,,,
1988-89,Tracy Parks,0,0.0,0,55.0,0,0,0,0.0,0,0.0,0,0,0.0,0.0,0.0,0,0,0.0,,,,,,
2003-04,Brenna Schierling,0,0.0,0,182.0,0,0,0,0.0,0,0.0,0,0,0.0,0.0,0.0,0,0,0.0,,,,,,
2007-08,April Woody,0,0.0,0,0.0,0,0,0,0.0,0,0.0,0,0,0.0,0.0,0.0,0,0,0.0,,,,,,
2003-04,Andrea Wilder,0,0.0,0,0.0,0,0,0,0.0,0,0.0,0,0,0.0,0.0,0.0,0,0,0.0,,,,,,
2004-05,Danell Brunk,0,0.0,0,0.0,0,0,0,180.0,0,0.0,0,0,0.0,0.0,0.0,0,0,0.0,,,,,,
1991-92,Tammy Brunk,0,0.0,0,0.0,0,0,0,48.0,0,0.0,0,0,0.0,0.0,0.0,0,0,0.0,,,,,,
2006-07,April Woody,0,0.0,0,0.0,0,0,0,0.0,0,0.0,0,0,0.0,0.0,0.0,0,0,0.0,,,,,,
2005-06,Crystal Thomas,0,0.0,0,0.0,0,0,0,0.0,0,0.0,0,0,0.0,0.0,0.0,0,0,0.0,,,,,,
1981-82,Valecia Kelly,0,0.0,0,0.0,0,0,0,0.0,0,0.0,0,0,313.0,0.0,0.0,0,0,0.0,,,,,,
1981-82,Debbie Rettelle,0,0.0,0,0.0,0,0,0,0.0,0,0.0,0,0,12.7,0.0,0.0,0,0,0.0,,,,,,
1980-81,Susie Morales,0,0.0,0,0.0,0,0,0,0.0,0,0.0,0,0,0.0,0.0,144.0,0,104,0.0,,,,,,
2007-08,Whitney Pegram,0,0.0,0,0.0,0,0,0,0.0,0,0.0,0,0,0.0,98.0,0.0,0,0,123.0,,,,,,
1982-83,Dian Proffit,0,0.0,0,0.0,0,0,0,0.0,0,0.0,0,0,0.0,97.0,0.0,0,0,0.0,,,,,,
