Player,Season,3PA,3PM,AST,BLK,FGA,FGM,FTA,FTM,MIN,PTS,REB,STL
Aleaya Guerrero,2024-25,1,0,0,0,1,0,0,0,2,0,0,0
Aleaya Guerrero,2025-26,1,0,0,0,4,2,2,1,10,4,5,0
Ali Brewster,2011-12,2,2,4,1,6,4,6,5,21,14,6,5
Ali Brewster,2012-13,4,3,8,1,12,6,13,10,40,17,11,5
Alicia Demaret,2014-15,2,0,3,10,12,6,6,4,29,16,17,2
Allie Hickman,2024-25,1,0,0,0,3,1,2,2,5,4,2,0
Amanda Allen,2015-16,7,3,2,4,13,8,6,5,39,19,9,1
Amanda Fleming,2010-11,2,0,0,0,2,0,0,0,2,0,1,0
Amara Griffith,2013-14,1,0,1,0,2,0,2,0,6,0,1,1
Amaree Henderson,2025-26,7,2,3,1,18,10,8,7,28,23,7,4
Amarion Tease,2024-25,4,2,2,1,13,6,6,3,26,15,6,3
Amber Evans,2019-20,1,0,0,1,2,0,2,1,9,1,2,0
Amber Evans,2020-21,0,0,1,0,1,0,0,0,6,0,3,0
Amy Jantz,2009-10,1,1,1,0,1,1,2,0,8,3,1,1
Amyah Williams-Woodmore,2025-26,1,1,0,0,4,3,2,2,17,9,4,1
April Bryley,2005-06,0,0,12,0,0,0,0,0,0,0,0,0
April Woody,2005-06,0,0,0,0,0,0,19,0,0,0,0,0
Ashton Bruner,2015-16,3,1,6,3,23,11,13,8,43,28,16,4
Asya Tims,2018-19,1,1,2,0,2,2,2,2,20,7,1,1
Aubrey Barton,2013-14,5,2,3,4,17,11,13,11,36,25,13,4
Auhnesty Hawkins,2025-26,1,1,3,1,14,5,9,7,26,11,11,3
Bailey Brown,2012-13,8,3,3,1,10,5,12,8,35,15,6,3
Bailey Brown,2013-14,8,2,6,1,12,7,14,11,39,21,12,5
Bailey Brown,2014-15,7,3,7,2,17,9,18,14,40,27,12,6
Bailey Brown,2015-16,7,4,5,1,15,7,18,16,48,23,9,7
Becca Heeke,2011-12,0,0,0,1,3,2,2,1,14,5,4,2
Bela Raimondi,2018-19,1,0,1,0,4,1,4,3,9,5,7,1
Beth Cooper,2012-13,5,2,5,2,10,4,4,3,26,10,7,3
Brandi Florian,2009-10,0,0,1,0,2,1,2,1,12,2,5,2
Brandi Florian,2010-11,0,0,1,0,6,3,6,5,20,7,8,2
Breahna Gillespie,2010-11,2,1,2,1,10,3,9,4,31,8,16,2
Breahna Gillespie,2011-12,0,0,1,1,3,1,3,2,8,4,3,0
Breahna Gillespie,2012-13,1,1,2,0,6,3,4,4,16,8,4,2
Breahna Gillespie,2013-14,4,2,7,2,9,5,4,4,35,13,12,5
Brenda Tejero,2013-14,3,2,1,0,3,2,3,1,12,7,1,0
Brianna Castaneda,2014-15,4,1,1,0,7,1,2,1,18,3,1,1
Brianna Shaw,2020-21,1,0,2,0,3,0,0,0,3,0,0,0
Brianna Shaw,2022-23,0,0,0,0,0,0,0,0,1,0,0,0
Britney Jarvis,2019-20,9,3,2,1,11,5,4,3,32,13,8,7
Brittany Pittas,2011-12,10,5,3,1,21,8,8,6,30,21,6,5
Brittany Roberts,2017-18,0,0,1,2,18,8,12,7,31,17,14,2
Brittany Roberts,2018-19,0,0,0,0,0,0,0,0,5,0,1,0
Brittany Roberts,2019-20,1,0,7,3,25,15,17,12,34,34,21,4
Brittany Roberts,2020-21,1,0,5,3,29,14,20,13,43,33,25,6
Brittany Roberts,2021-22,1,0,8,4,24,15,18,10,42,37,24,6
Brittni Harlow,2016-17,3,1,1,0,8,2,10,7,18,8,4,1
Brittni Harlow,2017-18,1,0,2,0,3,1,5,3,8,5,2,0
Brittni Harlow,2018-19,4,2,2,0,8,4,8,8,19,9,5,2
Brittni Harlow,2019-20,1,1,1,0,3,2,4,3,20,7,3,1
Brooke DeLuca,2015-16,4,3,3,1,9,5,2,2,36,13,9,3
Brooke DeLuca,2018-19,12,6,6,1,24,8,10,9,64,24,9,4
Brooke Sloan,2009-10,5,2,3,0,11,5,6,4,20,16,4,1
Brooke Sloan,2010-11,0,0,0,0,3,1,0,0,6,2,1,0
Brooke Weisenburger,2009-10,8,4,7,1,20,8,7,4,32,19,7,3
Brooke Weisenburger,2010-11,9,3,6,1,16,6,9,7,41,18,8,4
Brooke Weisenburger,2011-12,5,2,7,1,9,4,6,6,31,10,7,3
Brooke Zimmerman,2016-17,0,0,2,2,12,6,4,2,32,12,11,3
Brooke Zimmerman,2017-18,0,0,3,2,6,4,6,3,21,8,7,2
Brooklyn Coe,2016-17,6,2,4,2,15,7,14,10,39,20,5,4
Brooklyn Coe,2017-18,11,4,4,2,18,8,10,7,39,23,6,4
Callie Atkins,2013-14,8,3,3,2,11,4,3,3,27,13,4,1
Callie Atkins,2014-15,9,3,3,0,11,5,4,4,36,13,4,2
Cami Engelbert,2012-13,1,1,2,0,8,6,6,4,26,13,7,1
Cami Engelbert,2013-14,3,1,6,1,12,6,7,4,32,14,10,3
Cami Richardson,2016-17,9,5,9,3,18,9,10,8,38,23,13,9
Cami Richardson,2017-18,12,5,6,3,17,7,7,6,39,24,11,4
Carley Sharp,2009-10,0,0,3,3,10,6,7,4,30,14,6,2
Carly Pomrenke,2023-24,3,1,1,0,3,1,0,0,10,3,3,1
Carly Pomrenke,2024-25,5,1,1,0,8,4,2,1,23,9,5,1
Chandler Short,2012-13,5,1,3,0,8,4,6,4,20,11,4,2
Chandler Short,2013-14,6,3,4,1,12,7,9,8,28,22,5,5
Chelsea Savage,2012-13,6,2,1,0,9,2,6,4,12,7,1,1
Cheyenne Eisenhour,2012-13,6,3,4,2,9,7,12,9,34,20,9,5
Chloe Clevenger,2023-24,1,0,9,1,10,4,0,0,26,8,11,0
Crystal Thomas,2004-05,0,7,0,0,0,0,0,0,0,0,0,0
Dana Imankulova,2025-26,2,0,4,0,3,1,0,0,20,2,2,1
Dana Parker,2025-26,1,0,1,1,4,2,2,2,13,4,4,1
Danielle Holt,2016-17,1,0,3,2,12,10,7,4,38,24,15,3
Danielle Holt,2017-18,3,2,5,2,18,6,10,8,34,18,11,5
Danielle Holt,2018-19,0,0,1,0,1,1,1,1,23,3,2,0
Danielle Holt,2019-20,1,1,4,1,10,5,8,5,35,11,16,5
Dominique Valdez,2024-25,0,0,0,0,0,0,0,0,2,0,0,0
Dy'mond McElrath,2020-21,5,2,6,1,12,6,6,5,33,14,8,5
Dy'mond McElrath,2021-22,7,2,10,1,14,7,12,8,44,17,7,6
Dy'mond McElrath,2022-23,3,2,3,0,15,5,2,1,36,13,6,5
Elice Frey,2010-11,0,0,0,0,1,0,0,0,8,0,3,0
Elice Frey,2011-12,1,0,2,6,14,9,10,9,33,19,12,4
Elle Gillen,2017-18,3,2,1,0,3,2,2,2,12,8,3,1
Elle Gillen,2018-19,14,6,3,1,18,6,6,4,29,21,6,2
Elle Gillen,2019-20,10,4,7,2,10,4,9,8,35,13,6,3
Emeli Bryant,2014-15,4,1,2,0,7,2,2,2,11,5,5,1
Emily James,2009-10,3,1,1,3,9,3,6,2,24,6,8,3
Emily Whitley,2018-19,0,0,0,0,10,4,0,0,14,8,2,0
Erika Diaz,2019-20,3,1,2,0,6,3,6,3,12,10,4,1
Erika Diaz,2020-21,3,2,6,1,16,6,7,5,30,18,5,5
Faith Watson,2023-24,0,0,2,0,7,2,0,0,20,4,5,3
Georgia Smart,2014-15,3,1,2,4,14,5,13,7,28,15,11,2
Georgia Smart,2015-16,2,2,2,3,14,7,8,5,29,16,8,2
Georgia Wilson,2014-15,0,0,0,0,1,0,0,0,2,0,0,0
Gillian Rodgers,2023-24,6,3,3,2,17,10,9,7,37,21,10,4
Gillian Rodgers,2024-25,6,2,2,2,17,10,6,5,35,22,8,3
Gillian Rodgers,2025-26,6,3,2,2,12,6,6,4,20,15,7,2
Haley Hurst,2018-19,0,0,1,2,6,2,6,4,17,5,3,0
Haley Hurst,2019-20,0,0,2,1,8,5,10,5,18,11,8,2
Hannah Cooley,2024-25,3,2,5,1,7,5,2,1,24,11,5,2
Isabella Rosa,2025-26,1,0,2,1,10,5,10,6,26,11,8,2
Ja'Kia Wells,2020-21,3,1,3,2,8,4,9,5,30,11,9,4
Ja'Kia Wells,2021-22,3,2,5,4,12,5,6,4,35,12,13,4
Jacee Coberly,2009-10,4,2,3,1,9,4,3,3,40,10,7,2
Jacee Coberly,2010-11,3,1,2,0,9,2,4,3,26,6,7,2
Jamie Teeters,2009-10,3,0,3,0,7,3,7,4,25,8,5,3
Jayla Moore,2021-22,1,0,1,1,2,0,2,2,9,2,3,0
Jayla Moore,2022-23,1,1,3,1,9,5,4,3,27,11,4,2
Jayla Moore,2023-24,0,0,0,0,3,1,0,0,11,2,2,2
Jayla Moore,2024-25,0,0,1,0,4,0,0,0,21,0,2,3
Jessica Arpin,2009-10,1,0,1,0,4,2,0,0,5,4,4,0
Jill Ast,2012-13,1,0,1,0,3,1,2,2,6,2,2,0
Joze' Baker,2023-24,5,1,0,0,13,4,4,2,16,11,5,2
Julie Olvera,2017-18,7,3,2,1,7,3,4,3,24,9,5,4
Julie Olvera,2018-19,0,0,0,0,1,0,0,0,5,0,1,0
Kalli Olivar,2019-20,0,0,0,0,0,0,0,0,2,0,0,0
Kalli Olivar,2020-21,1,1,1,0,2,1,4,1,13,4,1,2
Kalli Olivar,2021-22,0,0,0,0,2,0,0,0,3,0,1,0
Kalli Olivar,2022-23,1,0,0,0,6,1,6,4,28,6,2,1
Kalyn Deckard,2013-14,0,0,0,0,1,0,2,2,7,2,0,0
Kamryn Nolan,2023-24,1,0,1,0,9,4,0,0,12,8,6,1
Kassidy Weaver,2019-20,0,0,1,1,3,1,0,0,9,2,5,0
Kassidy Weaver,2020-21,1,1,0,0,1,1,0,0,6,3,3,0
Kassidy Weaver,2021-22,0,0,0,0,1,1,0,0,4,2,2,1
Kassidy Weaver,2022-23,1,1,0,0,3,2,3,1,16,6,3,0
Katherine Saul,2020-21,0,0,0,0,0,0,0,0,3,0,0,0
Kayla Hill,2025-26,0,0,0,0,2,1,0,0,5,2,0,0
Kaylee Cramer,2011-12,1,1,5,2,10,6,7,7,31,14,11,4
Kaylee Cramer,2012-13,4,2,6,1,11,7,6,6,34,18,12,4
Kenajah Upchurch,2019-20,3,1,3,1,8,5,6,3,26,11,6,3
Kenajah Upchurch,2020-21,1,1,3,2,11,8,8,3,32,19,5,4
Kendahl Kelly,2015-16,7,2,1,0,7,2,2,2,18,6,2,2
Kendahl Kelly,2016-17,4,1,1,0,5,1,2,2,16,4,2,0
Kenya McCain,2023-24,0,0,1,0,2,1,0,0,5,2,1,1
Kenya McCain,2024-25,1,1,4,1,5,3,4,2,25,8,12,2
Kenya McCain,2025-26,0,0,0,0,2,0,0,0,10,0,5,1
Kiara Hawkins,2021-22,0,0,0,0,0,0,2,1,5,1,1,0
Kiara Hawkins,2022-23,1,0,1,1,1,1,0,0,6,2,1,0
Kiara Hawkins,2023-24,0,0,0,0,0,0,0,0,8,0,0,1
Kristen Ozbun,2009-10,9,4,5,1,21,11,7,6,40,27,8,5
Kristen Ozbun,2010-11,9,4,4,1,25,11,17,12,44,38,11,3
Kristen Ozbun,2011-12,0,0,0,0,0,0,0,0,0,38,0,0
Kristin Potter,2018-19,2,1,4,1,5,2,4,4,13,6,5,2
Kristin Potter,2020-21,3,1,0,1,4,2,0,0,14,4,6,1
Kristina Battle,2015-16,5,3,5,1,15,4,6,4,34,12,7,4
Kristina Battle,2016-17,6,2,5,2,19,6,14,8,39,16,8,3
Kristina Battle,2017-18,6,3,4,1,16,6,7,6,27,16,5,3
Krushanda Harrold,2011-12,0,0,1,1,10,4,4,2,15,8,5,1
Krushanda Harrold,2012-13,0,0,1,1,7,3,2,1,15,6,7,1
Kyrstin Branscum,2018-19,3,1,2,2,7,4,6,5,23,10,3,1
Kyrstin Branscum,2019-20,2,2,2,1,8,3,6,5,25,10,8,2
Kyrstin Branscum,2020-21,6,4,3,1,12,6,4,4,33,17,6,3
Kyrstin Branscum,2021-22,4,2,3,2,11,7,6,4,35,15,5,2
Laderricka Payne,2025-26,1,0,2,0,2,1,0,0,10,2,0,0
Laheerah Joseph,2020-21,0,0,0,1,2,1,0,0,5,2,1,1
Laheerah Joseph,2021-22,0,0,1,1,2,1,2,1,6,2,2,1
Laheerah Joseph,2022-23,0,0,0,0,0,0,0,0,1,0,0,0
Lasheicka Joseph,2020-21,0,0,1,1,2,2,0,0,7,4,2,1
Lasheicka Joseph,2021-22,0,0,0,0,0,0,0,0,1,0,0,0
Lauren Houston,2022-23,4,1,3,0,4,1,2,1,13,4,2,1
Lauren Young,2023-24,0,0,1,1,6,4,4,3,10,8,5,1
Lauren Young,2024-25,0,0,3,2,8,5,4,4,20,10,9,1
Lauren Young,2025-26,0,0,1,0,5,3,3,3,9,6,3,2
Lynix Stevenson,2025-26,0,0,0,1,4,2,2,1,6,4,3,2
Madelyn Hankins,2021-22,10,3,3,1,13,7,8,8,33,18,5,3
Madelyn Hankins,2022-23,0,0,0,0,0,0,0,0,1,0,0,0
Madelyn Hankins,2023-24,0,0,1,0,7,3,2,2,31,8,2,1
Madison Chambers,2010-11,3,1,4,2,12,5,9,6,41,14,11,11
Madison Chambers,2011-12,3,1,6,2,12,5,5,3,35,12,11,6
Madison Chambers,2012-13,4,2,4,1,15,8,7,5,40,18,14,4
Madison Logan,2021-22,0,0,0,0,1,0,0,0,2,0,0,0
Maison Moseley,2018-19,0,0,0,1,5,2,4,2,29,6,2,0
Maison Moseley,2019-20,6,2,8,1,13,8,10,8,35,25,6,4
Maison Moseley,2020-21,8,3,5,1,18,9,13,9,36,22,5,4
Maison Moseley,2021-22,6,2,5,1,15,8,10,8,30,20,6,4
Maizen Gillam,2025-26,16,8,5,1,19,9,9,8,37,29,8,3
Maressah Milum,2016-17,0,0,5,1,13,6,6,6,25,14,9,2
Maressah Milum,2017-18,1,0,2,2,9,5,10,9,25,11,8,4
Margaret Ajayi,2025-26,0,0,2,3,11,5,6,3,27,11,13,3
Mary Hutchison,1969-70,0,0,0,0,0,15,0,0,0,0,0,0
Maya Austin,2020-21,8,2,2,1,14,7,3,3,19,16,3,5
Mckenzy Gillespie,2023-24,3,2,2,0,4,3,2,2,12,10,3,1
Mckenzy Gillespie,2024-25,4,1,1,0,4,1,2,2,9,3,2,0
Megan Acklin,2014-15,6,2,6,3,13,5,3,2,26,13,8,1
Megan Acklin,2015-16,7,2,3,1,10,4,2,2,30,9,8,2
Megan James,2014-15,3,2,1,1,4,2,5,3,11,6,4,1
Megan James,2015-16,2,0,1,0,4,1,2,2,11,4,1,0
Melissa Rogers,2023-24,4,0,1,0,5,0,0,0,9,0,1,0
Melissa Rogers,2024-25,0,0,0,0,0,0,0,0,2,0,0,0
Mikaela Boyd,2023-24,0,0,0,0,2,0,0,0,10,0,1,0
Mikaela Boyd,2024-25,1,1,3,1,7,4,7,6,23,9,9,1
Mikah Hammerquist,2025-26,12,5,5,1,13,6,2,2,32,18,6,2
Miranda Gaytan,2020-21,0,0,0,0,0,0,0,0,5,0,0,1
Molly Schultehenrich,2019-20,3,1,1,1,3,2,2,1,16,5,4,3
Molly Schultehenrich,2020-21,3,1,1,1,4,3,2,2,11,9,2,1
Naomi Smith,2021-22,0,0,1,0,1,0,0,0,4,0,1,0
Naomi Smith,2022-23,0,0,0,0,3,1,0,0,2,2,0,0
Natasha Chaney,2010-11,1,0,2,1,9,4,4,2,25,8,6,3
Natasha Chaney,2012-13,0,0,0,1,1,1,0,0,4,2,0,2
Nicole Abunaja,2017-18,9,3,2,0,9,4,3,0,22,11,2,1
Nicole Abunaja,2018-19,1,0,1,0,2,0,0,0,5,0,0,1
Nicole Abunaja,2019-20,2,1,1,1,5,3,2,2,13,7,3,3
Olivia Bell,2024-25,1,0,2,0,2,1,2,2,7,4,2,0
Olivia Bell,2025-26,4,1,6,1,19,9,13,10,36,23,12,3
RJ Kuhn,2016-17,8,4,2,0,9,4,2,2,18,12,3,2
RJ Kuhn,2017-18,3,1,3,0,4,2,2,2,11,5,4,0
Raeghan Borman,2023-24,3,1,3,2,6,2,7,5,17,8,4,3
Raeghan Borman,2024-25,3,1,3,0,11,4,9,5,28,13,7,3
Raeghan Borman,2025-26,3,1,2,1,13,6,8,6,33,14,7,4
Scarlet Rodriguez,2018-19,1,0,1,0,1,0,2,0,5,0,0,0
Sierra Gillespie,2010-11,4,2,3,0,12,3,6,4,33,12,5,3
Sierra Gillespie,2011-12,1,0,1,0,2,1,3,1,9,3,4,1
Skylar Bencsek,2023-24,2,0,1,0,3,1,3,2,13,2,2,1
Skylar Bencsek,2024-25,0,0,0,0,0,0,0,0,1,0,0,0
Skylar Bencsek,2025-26,5,3,2,1,7,4,2,2,29,12,3,1
Stephanie Ellis,2011-12,0,0,0,0,0,0,0,0,1,0,0,0
Stephanie Ellis,2013-14,1,1,0,0,3,1,2,2,13,3,3,1
Summer Kirkman,2023-24,5,2,4,0,7,2,4,4,21,9,4,3
Sunny Smart,2013-14,10,3,5,2,12,5,8,7,32,16,13,3
Sunny Smart,2014-15,14,6,7,2,20,10,7,6,43,28,15,4
Sunny Smart,2015-16,18,4,3,1,21,6,4,4,36,18,7,2
Susan Sundahl,1981-82,0,0,0,0,29,0,0,0,0,0,0,0
Tatum Griffin,2019-20,4,3,3,1,8,4,4,4,18,11,3,1
Tatum Griffin,2020-21,6,2,6,1,9,3,4,4,20,12,5,2
Tatum Griffin,2021-22,4,2,4,1,6,4,4,4,16,12,4,2
Tayler Puttergill,2012-13,5,2,2,1,14,6,8,7,24,19,12,4
Taylor Bohannon,2020-21,3,0,2,0,3,0,0,0,6,0,1,0
Taylor Cushing,2025-26,0,0,1,0,2,0,0,0,8,0,1,1
Taylor Osborn,2018-19,4,1,6,0,9,1,4,3,30,6,1,0
Taylor Osborn,2019-20,6,3,3,0,6,3,2,2,25,9,2,2
Taylor Starr,2022-23,1,1,0,0,1,1,0,0,5,3,3,0
Taylor Starr,2023-24,4,2,4,1,6,2,4,1,33,6,11,2
Tori Verdieck,2011-12,0,0,1,2,4,2,2,1,11,4,6,1
Tori Verdieck,2012-13,0,0,0,0,1,0,0,0,2,0,0,0
Victoria Ates,2019-20,1,1,2,0,6,3,4,2,16,6,5,4
Victoria Ates,2020-21,4,2,4,2,13,7,7,6,33,16,8,3
Victoria Ates,2021-22,4,2,2,1,10,5,4,3,25,10,7,4
Victoria Gonzalez,2016-17,7,5,3,5,10,6,3,2,27,16,8,2
Victoria Gonzalez,2018-19,1,0,1,0,4,1,1,1,7,3,0,0
Whitney Jefferson,2012-13,2,0,2,0,2,0,0,0,4,0,2,1
Whitney Jefferson,2013-14,3,2,6,0,7,3,7,4,36,8,10,3
Whitney Jefferson,2014-15,3,1,6,1,8,4,6,4,39,10,9,3
Whitney Jefferson,2015-16,1,0,4,1,3,1,4,3,20,3,3,1
Whitney Slater,2010-11,4,1,4,0,9,2,8,6,28,10,7,2
Whitney Slater,2011-12,2,1,1,0,3,1,1,0,8,3,3,0
