Player,Years,Seasons,GP,GS,Minutes,FGM,FGA,3PT,3PTA,FTM,FTA,PTS,OREB,DREB,REB,PF,AST,TO,STL,BLK,FG%,3PT%,FT%,MIN/G,PTS/G,REB/G
"Abra, Zatorian",1,2014-15,30.0,11.0,760.0,63.0,200.0,12.0,56.0,36.0,62.0,174.0,28.0,72.0,100.0,81.0,48.0,80.0,48.0,5.0,0.315,0.21428571428571427,0.5806451612903226,25.333333333333332,5.8,3.3333333333333335
"Abunaja, Nicole",1,2017-18,14.0,,126.0,15.0,44.0,13.0,39.0,,3.0,43.0,5.0,4.0,9.0,21.0,5.0,14.0,2.0,,0.3409090909090909,0.3333333333333333,,9.0,3.0714285714285716,0.6428571428571429
"Abunaja, Nicole",2,2017-18;2018-19,19.0,,139.0,15.0,48.0,13.0,42.0,,3.0,43.0,5.0,4.0,9.0,21.0,6.0,14.0,4.0,,0.3125,0.30952380952380953,,7.315789473684211,2.263157894736842,0.47368421052631576
"Abunaja, Nicole",3,2017-18;2018-19;2019-20,42.0,,276.0,27.0,88.0,16.0,61.0,3.0,8.0,73.0,9.0,15.0,24.0,39.0,14.0,40.0,10.0,1.0,0.3068181818181818,0.26229508196721313,0.375,6.571428571428571,1.7380952380952381,0.5714285714285714
"Acklin, Megan",1,2014-15,30.0,4.0,479.0,41.0,113.0,7.0,32.0,15.0,23.0,104.0,33.0,59.0,92.0,61.0,25.0,55.0,3.0,13.0,0.36283185840707965,0.21875,0.6521739130434783,15.966666666666667,3.466666666666667,3.066666666666667
"Acklin, Megan",2,2014-15;2015-16,56.0,9.0,757.0,62.0,175.0,16.0,72.0,19.0,27.0,159.0,40.0,97.0,137.0,95.0,39.0,73.0,10.0,15.0,0.35428571428571426,0.2222222222222222,0.7037037037037037,13.517857142857142,2.8392857142857144,2.4464285714285716
"Ajayi, Margaret",1,2025-26,15.0,14.0,313.0,35.0,83.0,,,24.0,41.0,94.0,32.0,67.0,99.0,50.0,13.0,37.0,11.0,10.0,0.42168674698795183,,0.5853658536585366,20.866666666666667,6.266666666666667,6.6
"Allen, Amanda",1,2015-16,31.0,14.0,605.0,75.0,208.0,16.0,71.0,24.0,34.0,190.0,39.0,91.0,130.0,91.0,14.0,29.0,11.0,35.0,0.3605769230769231,0.22535211267605634,0.7058823529411765,19.516129032258064,6.129032258064516,4.193548387096774
"Allen, Amanda",2,2015-16;2016-17,41.0,14.0,726.0,90.0,259.0,17.0,83.0,34.0,47.0,231.0,45.0,117.0,162.0,114.0,19.0,39.0,15.0,43.0,0.3474903474903475,0.20481927710843373,0.723404255319149,17.70731707317073,5.634146341463414,3.951219512195122
"Arpin, Jessica",1,2009-10,8.0,,27.0,4.0,12.0,,1.0,,,8.0,5.0,5.0,10.0,4.0,2.0,2.0,,,0.3333333333333333,,,3.375,1.0,1.25
"Askin, Faith",1,2024-25,1.0,,,,,,,,,,,,,,,,,,,,,,,
"Ast, Jill",1,2012-13,6.0,,23.0,1.0,9.0,,2.0,2.0,2.0,4.0,5.0,3.0,8.0,2.0,1.0,1.0,,,0.1111111111111111,,1.0,3.8333333333333335,0.6666666666666666,1.3333333333333333
"Ates, Victoria",1,2019-20,21.0,,158.0,12.0,37.0,2.0,4.0,8.0,14.0,34.0,17.0,15.0,32.0,13.0,11.0,14.0,14.0,,0.32432432432432434,0.5,0.5714285714285714,7.523809523809524,1.619047619047619,1.5238095238095237
"Ates, Victoria",2,2019-20;2020-21,46.0,18.0,780.0,86.0,221.0,12.0,44.0,31.0,54.0,215.0,47.0,74.0,121.0,64.0,48.0,50.0,53.0,6.0,0.3891402714932127,0.2727272727272727,0.5740740740740741,16.956521739130434,4.673913043478261,2.630434782608696
"Ates, Victoria",3,2019-20;2020-21;2021-22,77.0,19.0,1299.0,146.0,389.0,27.0,100.0,46.0,78.0,365.0,73.0,117.0,190.0,109.0,72.0,72.0,82.0,7.0,0.37532133676092544,0.27,0.5897435897435898,16.87012987012987,4.740259740259741,2.4675324675324677
"Atkins, Callie",1,2013-14,28.0,,348.0,32.0,116.0,18.0,69.0,11.0,21.0,93.0,9.0,30.0,39.0,39.0,17.0,28.0,8.0,3.0,0.27586206896551724,0.2608695652173913,0.5238095238095238,12.428571428571429,3.3214285714285716,1.3928571428571428
"Atkins, Callie",2,2013-14;2014-15,58.0,17.0,911.0,74.0,270.0,45.0,174.0,26.0,48.0,219.0,17.0,67.0,84.0,104.0,42.0,95.0,30.0,3.0,0.2740740740740741,0.25862068965517243,0.5416666666666666,15.706896551724139,3.7758620689655173,1.4482758620689655
"Austin, Andrea",1,2009-10,1.0,1.0,,5.0,8.0,2.0,2.0,,,12.0,2.0,4.0,6.0,4.0,,3.0,,,0.625,1.0,,,12.0,6.0
"Austin, Maya",1,2020-21,17.0,,209.0,24.0,90.0,11.0,58.0,4.0,5.0,63.0,8.0,7.0,15.0,22.0,8.0,10.0,13.0,1.0,0.26666666666666666,0.1896551724137931,0.8,12.294117647058824,3.7058823529411766,0.8823529411764706
"Bacon, Isabella",1,2016-17,14.0,,289.0,37.0,95.0,31.0,72.0,15.0,18.0,120.0,1.0,14.0,15.0,26.0,10.0,18.0,6.0,,0.3894736842105263,0.4305555555555556,0.8333333333333334,20.642857142857142,8.571428571428571,1.0714285714285714
"Baker, Joze'",1,2023-24,28.0,8.0,456.0,84.0,233.0,17.0,66.0,39.0,70.0,224.0,39.0,66.0,105.0,64.0,22.0,69.0,23.0,,0.3605150214592275,0.25757575757575757,0.5571428571428572,16.285714285714285,8.0,3.75
"Barton, Aubrey",1,2013-14,31.0,31.0,813.0,138.0,313.0,12.0,49.0,122.0,157.0,410.0,66.0,134.0,200.0,80.0,40.0,102.0,41.0,43.0,0.44089456869009586,0.24489795918367346,0.7770700636942676,26.225806451612904,13.225806451612904,6.451612903225806
"Battle, Kristina",1,2015-16,30.0,6.0,596.0,52.0,159.0,16.0,46.0,43.0,68.0,163.0,22.0,57.0,79.0,49.0,43.0,49.0,28.0,3.0,0.3270440251572327,0.34782608695652173,0.6323529411764706,19.866666666666667,5.433333333333334,2.6333333333333333
"Battle, Kristina",2,2015-16;2016-17,60.0,33.0,1367.0,138.0,430.0,27.0,108.0,105.0,176.0,408.0,55.0,116.0,171.0,127.0,92.0,124.0,65.0,12.0,0.3209302325581395,0.25,0.5965909090909091,22.783333333333335,6.8,2.85
"Battle, Kristina",3,2015-16;2016-17;2017-18,88.0,40.0,1776.0,185.0,562.0,39.0,152.0,135.0,237.0,544.0,65.0,153.0,218.0,178.0,119.0,155.0,91.0,18.0,0.3291814946619217,0.2565789473684211,0.569620253164557,20.181818181818183,6.181818181818182,2.477272727272727
"Bell, Lainey",1,2013-14,2.0,,6.0,,2.0,,1.0,,,,,,,,,2.0,,,,,,3.0,,
"Bell, Olivia",1,2024-25,3.0,,16.0,1.0,4.0,,1.0,3.0,4.0,5.0,,2.0,2.0,2.0,4.0,1.0,,,0.25,,0.75,5.333333333333333,1.6666666666666667,0.6666666666666666
"Bell, Olivia",2,2024-25;2025-26,15.0,12.0,279.0,43.0,126.0,5.0,25.0,28.0,34.0,119.0,7.0,44.0,51.0,26.0,40.0,35.0,10.0,3.0,0.3412698412698413,0.2,0.8235294117647058,18.6,7.933333333333334,3.4
"Bencsek, Skylar",1,2023-24,13.0,,71.0,1.0,7.0,,3.0,2.0,3.0,4.0,1.0,4.0,5.0,,2.0,4.0,2.0,,0.14285714285714285,,0.6666666666666666,5.461538461538462,0.3076923076923077,0.38461538461538464
"Bencsek, Skylar",2,2023-24;2024-25,22.0,,121.0,3.0,16.0,2.0,9.0,5.0,7.0,13.0,4.0,7.0,11.0,2.0,5.0,8.0,3.0,,0.1875,0.2222222222222222,0.7142857142857143,5.5,0.5909090909090909,0.5
"Bencsek, Skylar",3,2023-24;2024-25;2025-26,50.0,,458.0,11.0,49.0,7.0,25.0,10.0,15.0,39.0,9.0,23.0,32.0,20.0,22.0,47.0,10.0,1.0,0.22448979591836735,0.28,0.6666666666666666,9.16,0.78,0.64
"Berkheimer, Taylor",1,2024-25,21.0,,204.0,31.0,75.0,30.0,68.0,4.0,4.0,96.0,3.0,15.0,18.0,19.0,5.0,22.0,7.0,,0.41333333333333333,0.4411764705882353,1.0,9.714285714285714,4.571428571428571,0.8571428571428571
"Berkheimer, Taylor",2,2024-25;2025-26,30.0,,246.0,34.0,92.0,33.0,83.0,5.0,6.0,106.0,4.0,18.0,22.0,21.0,5.0,23.0,7.0,,0.3695652173913043,0.39759036144578314,0.8333333333333334,8.2,3.533333333333333,0.7333333333333333
"Bohannon, Taylor",1,2020-21,1.0,,6.0,,3.0,,3.0,,,,,1.0,1.0,,2.0,,,,,,,6.0,,1.0
"Boris, Nikola",1,2024-25,27.0,16.0,495.0,27.0,108.0,19.0,76.0,11.0,19.0,84.0,8.0,67.0,75.0,32.0,16.0,37.0,8.0,4.0,0.25,0.25,0.5789473684210527,18.333333333333332,3.111111111111111,2.7777777777777777
"Borman, Raeghan",1,2023-24,26.0,,249.0,18.0,67.0,6.0,25.0,24.0,39.0,66.0,7.0,21.0,28.0,29.0,10.0,38.0,17.0,3.0,0.26865671641791045,0.24,0.6153846153846154,9.576923076923077,2.5384615384615383,1.0769230769230769
"Borman, Raeghan",2,2023-24;2024-25,54.0,12.0,767.0,69.0,235.0,12.0,61.0,63.0,111.0,213.0,29.0,68.0,97.0,87.0,42.0,102.0,32.0,4.0,0.2936170212765957,0.19672131147540983,0.5675675675675675,14.203703703703704,3.9444444444444446,1.7962962962962963
"Borman, Raeghan",3,2023-24;2024-25;2025-26,67.0,16.0,1039.0,95.0,315.0,13.0,74.0,93.0,161.0,296.0,37.0,92.0,129.0,124.0,52.0,124.0,57.0,7.0,0.30158730158730157,0.17567567567567569,0.577639751552795,15.507462686567164,4.417910447761194,1.9253731343283582
"Boyd, Mikaela",1,2023-24,28.0,1.0,307.0,40.0,92.0,1.0,4.0,16.0,26.0,97.0,23.0,39.0,62.0,23.0,2.0,36.0,10.0,10.0,0.43478260869565216,0.25,0.6153846153846154,10.964285714285714,3.4642857142857144,2.2142857142857144
"Boyd, Mikaela",2,2023-24;2024-25,55.0,10.0,703.0,74.0,181.0,2.0,6.0,38.0,61.0,188.0,54.0,83.0,137.0,52.0,13.0,74.0,15.0,11.0,0.4088397790055249,0.3333333333333333,0.6229508196721312,12.781818181818181,3.418181818181818,2.4909090909090907
"Branscum, Kyrstin",1,2018-19,29.0,1.0,300.0,23.0,53.0,5.0,20.0,18.0,21.0,69.0,11.0,23.0,34.0,28.0,7.0,23.0,6.0,7.0,0.4339622641509434,0.25,0.8571428571428571,10.344827586206897,2.3793103448275863,1.1724137931034482
"Branscum, Kyrstin",2,2018-19;2019-20,58.0,10.0,705.0,64.0,154.0,9.0,36.0,43.0,56.0,180.0,46.0,54.0,100.0,67.0,19.0,50.0,15.0,10.0,0.4155844155844156,0.25,0.7678571428571429,12.155172413793103,3.103448275862069,1.7241379310344827
"Branscum, Kyrstin",3,2018-19;2019-20;2020-21,83.0,30.0,1267.0,133.0,295.0,27.0,86.0,70.0,87.0,363.0,70.0,97.0,167.0,111.0,33.0,78.0,41.0,18.0,0.45084745762711864,0.313953488372093,0.8045977011494253,15.265060240963855,4.373493975903615,2.0120481927710845
"Branscum, Kyrstin",4,2018-19;2019-20;2020-21;2021-22,114.0,33.0,1836.0,201.0,417.0,40.0,122.0,96.0,129.0,538.0,102.0,130.0,232.0,168.0,51.0,102.0,56.0,27.0,0.48201438848920863,0.32786885245901637,0.7441860465116279,16.105263157894736,4.719298245614035,2.0350877192982457
"Brewster, Ali",1,2011-12,29.0,,385.0,26.0,77.0,6.0,15.0,40.0,61.0,98.0,27.0,31.0,58.0,44.0,28.0,51.0,27.0,2.0,0.33766233766233766,0.4,0.6557377049180327,13.275862068965518,3.3793103448275863,2.0
"Brewster, Ali",2,2011-12;2012-13,58.0,29.0,1207.0,96.0,307.0,20.0,74.0,136.0,210.0,348.0,61.0,120.0,181.0,104.0,94.0,138.0,70.0,5.0,0.3127035830618892,0.2702702702702703,0.6476190476190476,20.810344827586206,6.0,3.1206896551724137
"Brown, Bailey",1,2012-13,29.0,18.0,671.0,50.0,159.0,18.0,60.0,85.0,113.0,203.0,25.0,45.0,70.0,60.0,36.0,65.0,21.0,1.0,0.31446540880503143,0.3,0.7522123893805309,23.137931034482758,7.0,2.413793103448276
"Brown, Bailey",2,2012-13;2013-14,60.0,49.0,1668.0,146.0,402.0,43.0,149.0,225.0,296.0,560.0,80.0,180.0,260.0,130.0,98.0,139.0,74.0,4.0,0.36318407960199006,0.28859060402684567,0.7601351351351351,27.8,9.333333333333334,4.333333333333333
"Brown, Bailey",3,2012-13;2013-14;2014-15,90.0,79.0,2723.0,282.0,736.0,66.0,231.0,418.0,557.0,1048.0,154.0,304.0,458.0,212.0,168.0,241.0,131.0,6.0,0.38315217391304346,0.2857142857142857,0.7504488330341114,30.255555555555556,11.644444444444444,5.088888888888889
"Brown, Bailey",4,2012-13;2013-14;2014-15;2015-16,121.0,110.0,3804.0,407.0,1037.0,99.0,327.0,607.0,783.0,1520.0,214.0,406.0,620.0,286.0,211.0,305.0,196.0,8.0,0.39247830279652846,0.30275229357798167,0.7752234993614304,31.43801652892562,12.561983471074381,5.12396694214876
"Bruner, Ashton",1,2015-16,30.0,30.0,949.0,171.0,391.0,3.0,14.0,119.0,186.0,464.0,70.0,186.0,256.0,86.0,71.0,129.0,39.0,34.0,0.4373401534526854,0.21428571428571427,0.6397849462365591,31.633333333333333,15.466666666666667,8.533333333333333
"Bryant, Emeli",1,2014-15,9.0,,45.0,3.0,16.0,2.0,10.0,2.0,3.0,10.0,6.0,4.0,10.0,2.0,4.0,3.0,2.0,,0.1875,0.2,0.6666666666666666,5.0,1.1111111111111112,1.1111111111111112
"Carman, Kadie",1,2010-11,1.0,1.0,17.0,2.0,4.0,2.0,3.0,,,6.0,,1.0,1.0,1.0,4.0,,,,0.5,0.6666666666666666,,17.0,6.0,1.0
"Castaneda, Brianna",1,2014-15,9.0,,79.0,3.0,25.0,2.0,16.0,2.0,4.0,10.0,,1.0,1.0,14.0,4.0,15.0,1.0,,0.12,0.125,0.5,8.777777777777779,1.1111111111111112,0.1111111111111111
"Chambers, Madison",1,2010-11,28.0,20.0,795.0,65.0,196.0,1.0,20.0,41.0,76.0,172.0,53.0,95.0,148.0,49.0,44.0,84.0,54.0,9.0,0.33163265306122447,0.05,0.5394736842105263,28.392857142857142,6.142857142857143,5.285714285714286
"Chambers, Madison",2,2010-11;2011-12,57.0,49.0,1562.0,132.0,369.0,4.0,39.0,75.0,129.0,343.0,115.0,190.0,305.0,94.0,119.0,143.0,110.0,18.0,0.35772357723577236,0.10256410256410256,0.5813953488372093,27.403508771929825,6.017543859649122,5.350877192982456
"Chambers, Madison",3,2010-11;2011-12;2012-13,86.0,75.0,2358.0,213.0,578.0,10.0,72.0,110.0,194.0,546.0,175.0,308.0,483.0,149.0,166.0,197.0,164.0,21.0,0.3685121107266436,0.1388888888888889,0.5670103092783505,27.41860465116279,6.348837209302325,5.616279069767442
"Chaney, Natasha",1,2010-11,21.0,,239.0,23.0,83.0,7.0,10.0,9.0,15.0,62.0,14.0,29.0,43.0,29.0,7.0,10.0,11.0,1.0,0.27710843373493976,0.7,0.6,11.380952380952381,2.9523809523809526,2.0476190476190474
"Chaney, Natasha",2,2010-11;2012-13,25.0,,250.0,25.0,86.0,7.0,10.0,9.0,15.0,66.0,14.0,29.0,43.0,29.0,7.0,10.0,14.0,2.0,0.29069767441860467,0.7,0.6,10.0,2.64,1.72
"Chiesi, Heather",1,2022-23,1.0,,1.0,,,,,,,,,,,,,,,,,,,1.0,,
"Clevenger, Chloe",1,2023-24,28.0,10.0,583.0,93.0,257.0,24.0,93.0,27.0,32.0,237.0,33.0,109.0,142.0,60.0,57.0,72.0,48.0,6.0,0.36186770428015563,0.25806451612903225,0.84375,20.821428571428573,8.464285714285714,5.071428571428571
"Coberly, Jacee",1,2009-10,26.0,,294.0,20.0,77.0,4.0,32.0,15.0,23.0,59.0,15.0,19.0,34.0,21.0,14.0,41.0,7.0,1.0,0.2597402597402597,0.125,0.6521739130434783,11.307692307692308,2.269230769230769,1.3076923076923077
"Coberly, Jacee",2,2009-10;2010-11,40.0,2.0,404.0,23.0,114.0,5.0,42.0,21.0,33.0,72.0,24.0,28.0,52.0,31.0,21.0,57.0,12.0,1.0,0.20175438596491227,0.11904761904761904,0.6363636363636364,10.1,1.8,1.3
"Coe, Brooklyn",1,2016-17,29.0,29.0,871.0,115.0,240.0,17.0,58.0,80.0,126.0,327.0,40.0,55.0,95.0,96.0,33.0,57.0,26.0,8.0,0.4791666666666667,0.29310344827586204,0.6349206349206349,30.03448275862069,11.275862068965518,3.2758620689655173
"Coe, Brooklyn",2,2016-17;2017-18,59.0,59.0,1802.0,224.0,513.0,46.0,173.0,155.0,237.0,649.0,78.0,109.0,187.0,180.0,74.0,117.0,55.0,14.0,0.43664717348927873,0.2658959537572254,0.6540084388185654,30.54237288135593,11.0,3.169491525423729
"Cooley, Hannah",1,2024-25,28.0,2.0,431.0,34.0,115.0,7.0,38.0,4.0,11.0,79.0,9.0,44.0,53.0,29.0,31.0,59.0,16.0,2.0,0.2956521739130435,0.18421052631578946,0.36363636363636365,15.392857142857142,2.8214285714285716,1.8928571428571428
"Cooper, Beth",1,2012-13,29.0,,452.0,48.0,117.0,9.0,26.0,13.0,17.0,118.0,10.0,51.0,61.0,26.0,44.0,55.0,15.0,3.0,0.41025641025641024,0.34615384615384615,0.7647058823529411,15.586206896551724,4.068965517241379,2.103448275862069
"Cramer, Kaylee",1,2011-12,29.0,1.0,650.0,48.0,133.0,2.0,8.0,29.0,41.0,127.0,52.0,118.0,170.0,63.0,46.0,43.0,38.0,13.0,0.3609022556390977,0.25,0.7073170731707317,22.413793103448278,4.379310344827586,5.862068965517241
"Cramer, Kaylee",2,2011-12;2012-13,58.0,30.0,1334.0,131.0,336.0,6.0,38.0,75.0,98.0,343.0,105.0,211.0,316.0,123.0,84.0,75.0,63.0,22.0,0.3898809523809524,0.15789473684210525,0.7653061224489796,23.0,5.913793103448276,5.448275862068965
"Cushing, Taylor",1,2025-26,4.0,,19.0,,3.0,,,,,,,2.0,2.0,2.0,1.0,2.0,1.0,,,,,4.75,,0.5
"Davis, Tonya",1,2010-11,1.0,1.0,3.0,1.0,2.0,,,2.0,2.0,4.0,1.0,,1.0,3.0,,,2.0,,0.5,,1.0,3.0,4.0,1.0
"DeLuca, Brooke",1,2015-16,28.0,3.0,539.0,41.0,120.0,13.0,43.0,9.0,17.0,104.0,27.0,49.0,76.0,44.0,22.0,39.0,16.0,2.0,0.3416666666666667,0.3023255813953488,0.5294117647058824,19.25,3.7142857142857144,2.7142857142857144
"DeLuca, Brooke",2,2015-16;2016-17,58.0,13.0,1251.0,90.0,286.0,33.0,127.0,17.0,38.0,230.0,50.0,125.0,175.0,81.0,60.0,86.0,39.0,3.0,0.3146853146853147,0.25984251968503935,0.4473684210526316,21.56896551724138,3.9655172413793105,3.0172413793103448
"DeLuca, Brooke",3,2015-16;2016-17;2017-18,88.0,24.0,2002.0,139.0,434.0,59.0,212.0,29.0,63.0,366.0,71.0,198.0,269.0,130.0,99.0,128.0,70.0,6.0,0.32027649769585254,0.2783018867924528,0.4603174603174603,22.75,4.159090909090909,3.0568181818181817
"DeLuca, Brooke",4,2015-16;2016-17;2017-18;2018-19,118.0,52.0,2839.0,206.0,671.0,99.0,357.0,74.0,120.0,585.0,94.0,261.0,355.0,184.0,137.0,186.0,105.0,7.0,0.30700447093889716,0.2773109243697479,0.6166666666666667,24.059322033898304,4.9576271186440675,3.0084745762711864
"Deckard, Kalyn",1,2013-14,3.0,,10.0,,1.0,,,2.0,2.0,2.0,,,,1.0,,,,,,,1.0,3.3333333333333335,0.6666666666666666,
"Demaret, Alicia",1,2014-15,30.0,18.0,545.0,79.0,173.0,,11.0,28.0,42.0,186.0,41.0,124.0,165.0,59.0,23.0,49.0,18.0,48.0,0.45664739884393063,,0.6666666666666666,18.166666666666668,6.2,5.5
"Diaz, Erika",1,2019-20,12.0,,76.0,10.0,23.0,1.0,3.0,3.0,11.0,24.0,4.0,8.0,12.0,9.0,7.0,18.0,3.0,,0.43478260869565216,0.3333333333333333,0.2727272727272727,6.333333333333333,2.0,1.0
"Diaz, Erika",2,2019-20;2020-21,37.0,15.0,585.0,81.0,199.0,6.0,23.0,44.0,66.0,212.0,26.0,44.0,70.0,58.0,75.0,89.0,51.0,2.0,0.40703517587939697,0.2608695652173913,0.6666666666666666,15.81081081081081,5.72972972972973,1.8918918918918919
"Dightman, Mariah",1,2024-25,27.0,3.0,371.0,41.0,106.0,3.0,12.0,40.0,59.0,125.0,21.0,24.0,45.0,35.0,14.0,21.0,17.0,2.0,0.3867924528301887,0.25,0.6779661016949152,13.74074074074074,4.62962962962963,1.6666666666666667
"Drew, Rajae",1,2019-20,3.0,,13.0,2.0,7.0,,1.0,,2.0,4.0,,1.0,1.0,2.0,,1.0,,,0.2857142857142857,,,4.333333333333333,1.3333333333333333,0.3333333333333333
"Ducy, Michelle",1,2009-10,26.0,26.0,753.0,67.0,213.0,13.0,59.0,18.0,47.0,165.0,71.0,69.0,140.0,62.0,89.0,93.0,50.0,4.0,0.3145539906103286,0.22033898305084745,0.3829787234042553,28.96153846153846,6.346153846153846,5.384615384615385
"Eisenhour, Cheyenne",1,2012-13,28.0,28.0,748.0,61.0,166.0,24.0,80.0,63.0,97.0,209.0,27.0,99.0,126.0,91.0,51.0,59.0,39.0,4.0,0.3674698795180723,0.3,0.6494845360824743,26.714285714285715,7.464285714285714,4.5
"Ellis, Stephanie",1,2011-12,1.0,,1.0,,,,,,,,,,,,,,,,,,,1.0,,
"Ellis, Stephanie",2,2011-12;2013-14,13.0,,60.0,2.0,11.0,1.0,3.0,2.0,3.0,7.0,2.0,6.0,8.0,8.0,,9.0,1.0,,0.18181818181818182,0.3333333333333333,0.6666666666666666,4.615384615384615,0.5384615384615384,0.6153846153846154
"Engelbert, Cami",1,2012-13,27.0,,412.0,48.0,91.0,4.0,7.0,21.0,34.0,121.0,45.0,44.0,89.0,43.0,16.0,37.0,6.0,,0.5274725274725275,0.5714285714285714,0.6176470588235294,15.25925925925926,4.481481481481482,3.2962962962962963
"Engelbert, Cami",2,2012-13;2013-14,58.0,31.0,1172.0,134.0,277.0,8.0,28.0,53.0,94.0,329.0,102.0,128.0,230.0,109.0,62.0,90.0,18.0,5.0,0.48375451263537905,0.2857142857142857,0.5638297872340425,20.20689655172414,5.672413793103448,3.9655172413793105
"Evans, Amber",1,2019-20,7.0,,19.0,,4.0,,2.0,1.0,2.0,1.0,1.0,2.0,3.0,3.0,,1.0,,1.0,,,0.5,2.7142857142857144,0.14285714285714285,0.42857142857142855
"Evans, Amber",2,2019-20;2020-21,8.0,,25.0,,5.0,,2.0,1.0,2.0,1.0,2.0,4.0,6.0,3.0,1.0,2.0,,1.0,,,0.5,3.125,0.125,0.75
"Ezekiel, Kenzie",1,2018-19,1.0,1.0,25.0,7.0,11.0,2.0,5.0,,3.0,16.0,2.0,2.0,4.0,2.0,1.0,1.0,1.0,,0.6363636363636364,0.4,,25.0,16.0,4.0
"Fanning, Dayjsha",1,2022-23,26.0,17.0,511.0,52.0,139.0,1.0,3.0,33.0,50.0,138.0,63.0,99.0,162.0,51.0,17.0,34.0,22.0,,0.37410071942446044,0.3333333333333333,0.66,19.653846153846153,5.3076923076923075,6.230769230769231
"Fields, Bria",1,2010-11,1.0,,,,,,,,,,,,,,,,,,,,,,,
"Fleming, Amanda",1,2010-11,7.0,,26.0,,4.0,,4.0,,,,3.0,4.0,7.0,3.0,2.0,1.0,,1.0,,,,3.7142857142857144,,1.0
"Florian, Brandi",1,2009-10,23.0,,99.0,6.0,12.0,,,1.0,2.0,13.0,5.0,11.0,16.0,11.0,3.0,7.0,5.0,,0.5,,0.5,4.304347826086956,0.5652173913043478,0.6956521739130435
"Florian, Brandi",2,2009-10;2010-11,42.0,,278.0,22.0,52.0,,,17.0,22.0,61.0,30.0,32.0,62.0,33.0,4.0,14.0,12.0,,0.4230769230769231,,0.7727272727272727,6.619047619047619,1.4523809523809523,1.4761904761904763
"Foe, Ashley",1,2009-10,1.0,1.0,,1.0,3.0,,1.0,1.0,2.0,3.0,1.0,2.0,3.0,1.0,3.0,2.0,1.0,,0.3333333333333333,,0.5,,3.0,3.0
"Frey, Elice",1,2010-11,28.0,27.0,633.0,93.0,208.0,,,48.0,88.0,234.0,59.0,106.0,165.0,75.0,14.0,57.0,21.0,21.0,0.44711538461538464,,0.5454545454545454,22.607142857142858,8.357142857142858,5.892857142857143
"Frey, Elice",2,2010-11;2011-12,57.0,56.0,1343.0,215.0,485.0,,1.0,105.0,180.0,535.0,124.0,217.0,341.0,162.0,34.0,105.0,56.0,83.0,0.44329896907216493,,0.5833333333333334,23.56140350877193,9.385964912280702,5.982456140350878
"Frost, Amanda",1,2010-11,1.0,,20.0,8.0,10.0,,,6.0,6.0,22.0,5.0,6.0,11.0,1.0,2.0,1.0,,2.0,0.8,,1.0,20.0,22.0,11.0
"Gaytan, Miranda",1,2020-21,1.0,,5.0,,,,,,,,,,,,,,1.0,,,,,5.0,,
"Gillam, Maizen",1,2025-26,28.0,21.0,766.0,123.0,347.0,78.0,239.0,39.0,58.0,363.0,37.0,59.0,96.0,37.0,45.0,65.0,31.0,1.0,0.35446685878962536,0.3263598326359833,0.6724137931034483,27.357142857142858,12.964285714285714,3.4285714285714284
"Gillen, Elle",1,2017-18,7.0,,31.0,3.0,8.0,2.0,6.0,5.0,6.0,13.0,2.0,5.0,7.0,3.0,2.0,2.0,1.0,,0.375,0.3333333333333333,0.8333333333333334,4.428571428571429,1.8571428571428572,1.0
"Gillen, Elle",2,2017-18;2018-19,35.0,2.0,419.0,66.0,193.0,51.0,152.0,31.0,47.0,214.0,19.0,46.0,65.0,52.0,21.0,44.0,18.0,2.0,0.34196891191709844,0.3355263157894737,0.6595744680851063,11.971428571428572,6.114285714285714,1.8571428571428572
"Gillen, Elle",3,2017-18;2018-19;2019-20,65.0,21.0,1044.0,122.0,389.0,88.0,310.0,60.0,80.0,392.0,30.0,109.0,139.0,132.0,69.0,81.0,38.0,11.0,0.31362467866323906,0.2838709677419355,0.75,16.06153846153846,6.030769230769231,2.1384615384615384
"Gillespie, Breahna",1,2010-11,26.0,4.0,365.0,31.0,92.0,1.0,7.0,21.0,40.0,84.0,33.0,46.0,79.0,36.0,11.0,30.0,15.0,3.0,0.33695652173913043,0.14285714285714285,0.525,14.038461538461538,3.230769230769231,3.0384615384615383
"Gillespie, Breahna",2,2010-11;2011-12,31.0,4.0,392.0,33.0,97.0,1.0,7.0,24.0,45.0,91.0,38.0,49.0,87.0,38.0,12.0,31.0,15.0,4.0,0.3402061855670103,0.14285714285714285,0.5333333333333333,12.64516129032258,2.935483870967742,2.806451612903226
"Gillespie, Breahna",3,2010-11;2011-12;2012-13,48.0,4.0,548.0,47.0,141.0,2.0,15.0,31.0,57.0,127.0,49.0,69.0,118.0,55.0,18.0,48.0,21.0,4.0,0.3333333333333333,0.13333333333333333,0.543859649122807,11.416666666666666,2.6458333333333335,2.4583333333333335
"Gillespie, Breahna",4,2010-11;2011-12;2012-13;2013-14,79.0,35.0,1311.0,103.0,298.0,16.0,67.0,56.0,95.0,278.0,91.0,180.0,271.0,121.0,79.0,124.0,57.0,11.0,0.34563758389261745,0.23880597014925373,0.5894736842105263,16.59493670886076,3.518987341772152,3.430379746835443
"Gillespie, Mckenzy",1,2023-24,7.0,,31.0,5.0,8.0,4.0,6.0,4.0,4.0,18.0,2.0,2.0,4.0,2.0,3.0,6.0,3.0,,0.625,0.6666666666666666,1.0,4.428571428571429,2.5714285714285716,0.5714285714285714
"Gillespie, Mckenzy",2,2023-24;2024-25,15.0,,78.0,8.0,24.0,7.0,20.0,6.0,6.0,29.0,4.0,5.0,9.0,7.0,5.0,9.0,3.0,,0.3333333333333333,0.35,1.0,5.2,1.9333333333333333,0.6
"Gillespie, Sierra",1,2010-11,27.0,2.0,435.0,24.0,88.0,14.0,38.0,17.0,37.0,79.0,25.0,29.0,54.0,54.0,28.0,47.0,18.0,,0.2727272727272727,0.3684210526315789,0.4594594594594595,16.11111111111111,2.925925925925926,2.0
"Gillespie, Sierra",2,2010-11;2011-12,34.0,3.0,463.0,26.0,94.0,14.0,40.0,20.0,44.0,86.0,30.0,33.0,63.0,62.0,30.0,55.0,19.0,,0.2765957446808511,0.35,0.45454545454545453,13.617647058823529,2.5294117647058822,1.8529411764705883
"Gonzalez, Victoria",1,2016-17,19.0,,269.0,34.0,78.0,20.0,42.0,7.0,11.0,95.0,5.0,41.0,46.0,30.0,9.0,16.0,11.0,7.0,0.4358974358974359,0.47619047619047616,0.6363636363636364,14.157894736842104,5.0,2.4210526315789473
"Gonzalez, Victoria",2,2016-17;2018-19,22.0,,282.0,36.0,83.0,20.0,43.0,8.0,12.0,100.0,5.0,41.0,46.0,30.0,10.0,16.0,11.0,7.0,0.43373493975903615,0.46511627906976744,0.6666666666666666,12.818181818181818,4.545454545454546,2.090909090909091
"Green, Brittany",1,2011-12,1.0,,3.0,,1.0,,,1.0,2.0,1.0,,,,3.0,,1.0,,,,,0.5,3.0,1.0,
"Griffin, Tatum",1,2019-20,30.0,,301.0,28.0,92.0,14.0,52.0,15.0,20.0,85.0,7.0,24.0,31.0,28.0,30.0,50.0,10.0,1.0,0.30434782608695654,0.2692307692307692,0.75,10.033333333333333,2.8333333333333335,1.0333333333333334
"Griffin, Tatum",2,2019-20;2020-21,52.0,,532.0,56.0,173.0,28.0,97.0,30.0,38.0,170.0,16.0,43.0,59.0,49.0,62.0,80.0,19.0,3.0,0.3236994219653179,0.28865979381443296,0.7894736842105263,10.23076923076923,3.269230769230769,1.1346153846153846
"Griffin, Tatum",3,2019-20;2020-21;2021-22,82.0,,816.0,80.0,244.0,34.0,124.0,52.0,62.0,246.0,21.0,68.0,89.0,77.0,89.0,106.0,28.0,5.0,0.32786885245901637,0.27419354838709675,0.8387096774193549,9.951219512195122,3.0,1.0853658536585367
"Griffith, Amara",1,2013-14,6.0,,23.0,,3.0,,1.0,,2.0,,,1.0,1.0,4.0,1.0,,1.0,,,,,3.8333333333333335,,0.16666666666666666
"Groce, Lyvette",1,2009-10,1.0,1.0,40.0,5.0,12.0,,,6.0,12.0,16.0,7.0,14.0,21.0,4.0,,3.0,1.0,,0.4166666666666667,,0.5,40.0,16.0,21.0
"Guerrero, Aleaya",1,2024-25,1.0,,2.0,,1.0,,1.0,,,,,,,,,,,,,,,2.0,,
"Guerrero, Aleaya",2,2024-25;2025-26,9.0,,49.0,4.0,15.0,,2.0,1.0,4.0,9.0,6.0,4.0,10.0,8.0,,3.0,,,0.26666666666666666,,0.25,5.444444444444445,1.0,1.1111111111111112
"Guillamat-Ribo, Laura",1,2024-25,28.0,17.0,487.0,59.0,170.0,17.0,69.0,12.0,16.0,147.0,5.0,51.0,56.0,39.0,38.0,51.0,18.0,1.0,0.34705882352941175,0.2463768115942029,0.75,17.392857142857142,5.25,2.0
"Guillory, Imani",1,2019-20,5.0,,42.0,2.0,14.0,1.0,10.0,2.0,2.0,7.0,3.0,5.0,8.0,9.0,,,1.0,2.0,0.14285714285714285,0.1,1.0,8.4,1.4,1.6
"Haamid , Tytiana",1,2022-23,12.0,,140.0,28.0,76.0,1.0,7.0,16.0,24.0,73.0,14.0,29.0,43.0,16.0,1.0,15.0,3.0,3.0,0.3684210526315789,0.14285714285714285,0.6666666666666666,11.666666666666666,6.083333333333333,3.5833333333333335
"Hammerquist, Mikah",1,2025-26,24.0,7.0,514.0,49.0,141.0,39.0,122.0,5.0,7.0,142.0,7.0,41.0,48.0,52.0,26.0,26.0,15.0,2.0,0.3475177304964539,0.319672131147541,0.7142857142857143,21.416666666666668,5.916666666666667,2.0
"Hankins, Madelyn",1,2021-22,31.0,20.0,677.0,80.0,224.0,34.0,118.0,48.0,60.0,242.0,21.0,29.0,50.0,60.0,35.0,33.0,20.0,3.0,0.35714285714285715,0.288135593220339,0.8,21.838709677419356,7.806451612903226,1.6129032258064515
"Hankins, Madelyn",2,2021-22;2022-23,58.0,46.0,1398.0,143.0,412.0,54.0,207.0,104.0,131.0,444.0,46.0,71.0,117.0,98.0,70.0,81.0,49.0,4.0,0.3470873786407767,0.2608695652173913,0.7938931297709924,24.103448275862068,7.655172413793103,2.0172413793103448
"Hankins, Madelyn",3,2021-22;2022-23;2023-24,86.0,72.0,2196.0,228.0,652.0,84.0,312.0,195.0,253.0,735.0,81.0,126.0,207.0,129.0,107.0,140.0,84.0,7.0,0.3496932515337423,0.2692307692307692,0.7707509881422925,25.53488372093023,8.546511627906977,2.4069767441860463
"Harlow, Brittni",1,2016-17,7.0,,67.0,3.0,19.0,1.0,5.0,13.0,22.0,20.0,6.0,8.0,14.0,6.0,2.0,3.0,3.0,,0.15789473684210525,0.2,0.5909090909090909,9.571428571428571,2.857142857142857,2.0
"Harlow, Brittni",2,2016-17;2017-18,11.0,,86.0,4.0,26.0,1.0,6.0,17.0,31.0,26.0,9.0,8.0,17.0,7.0,5.0,4.0,3.0,,0.15384615384615385,0.16666666666666666,0.5483870967741935,7.818181818181818,2.3636363636363638,1.5454545454545454
"Harlow, Brittni",3,2016-17;2017-18;2018-19,40.0,,417.0,25.0,100.0,6.0,28.0,52.0,81.0,108.0,33.0,28.0,61.0,42.0,22.0,37.0,16.0,,0.25,0.21428571428571427,0.6419753086419753,10.425,2.7,1.525
"Harlow, Brittni",4,2016-17;2017-18;2018-19;2019-20,58.0,3.0,553.0,30.0,120.0,8.0,32.0,63.0,95.0,131.0,40.0,39.0,79.0,56.0,27.0,41.0,17.0,,0.25,0.25,0.6631578947368421,9.53448275862069,2.2586206896551726,1.3620689655172413
"Harrold, Krushanda",1,2011-12,4.0,,44.0,8.0,22.0,,,3.0,6.0,19.0,4.0,11.0,15.0,8.0,1.0,3.0,1.0,2.0,0.36363636363636365,,0.5,11.0,4.75,3.75
"Harrold, Krushanda",2,2011-12;2012-13,12.0,,100.0,15.0,41.0,,,4.0,8.0,34.0,5.0,34.0,39.0,17.0,2.0,10.0,4.0,3.0,0.36585365853658536,,0.5,8.333333333333334,2.8333333333333335,3.25
"Hawkins, Auhnesty",1,2025-26,14.0,5.0,266.0,20.0,62.0,2.0,3.0,18.0,32.0,60.0,26.0,40.0,66.0,24.0,11.0,18.0,14.0,3.0,0.3225806451612903,0.6666666666666666,0.5625,19.0,4.285714285714286,4.714285714285714
"Hawkins, Kiara",1,2021-22,1.0,,5.0,,,,,1.0,2.0,1.0,,1.0,1.0,2.0,,,,,,,0.5,5.0,1.0,1.0
"Hawkins, Kiara",2,2021-22;2022-23,6.0,1.0,55.0,7.0,23.0,4.0,12.0,2.0,4.0,20.0,4.0,5.0,9.0,6.0,4.0,7.0,2.0,1.0,0.30434782608695654,0.3333333333333333,0.5,9.166666666666666,3.3333333333333335,1.5
"Hawkins, Kiara",3,2021-22;2022-23;2023-24,23.0,2.0,205.0,10.0,41.0,6.0,17.0,8.0,18.0,34.0,10.0,27.0,37.0,14.0,8.0,16.0,9.0,1.0,0.24390243902439024,0.35294117647058826,0.4444444444444444,8.91304347826087,1.4782608695652173,1.608695652173913
"Heeke, Becca",1,2011-12,7.0,,41.0,6.0,9.0,,,1.0,5.0,13.0,7.0,9.0,16.0,7.0,,5.0,5.0,2.0,0.6666666666666666,,0.2,5.857142857142857,1.8571428571428572,2.2857142857142856
"Hempe, Kelsey",1,2009-10,12.0,,122.0,8.0,32.0,,1.0,3.0,7.0,19.0,11.0,21.0,32.0,18.0,4.0,7.0,3.0,3.0,0.25,,0.42857142857142855,10.166666666666666,1.5833333333333333,2.6666666666666665
"Henderson, Amaree",1,2025-26,28.0,8.0,457.0,108.0,298.0,10.0,71.0,62.0,92.0,288.0,26.0,81.0,107.0,49.0,24.0,81.0,27.0,7.0,0.3624161073825503,0.14084507042253522,0.6739130434782609,16.321428571428573,10.285714285714286,3.8214285714285716
"Hernandez, Kylie",1,2023-24,1.0,,5.0,1.0,6.0,,3.0,,,2.0,,,,,,1.0,2.0,,0.16666666666666666,,,5.0,2.0,
"Hickman, Allie",1,2024-25,4.0,,8.0,3.0,7.0,,1.0,3.0,4.0,9.0,2.0,1.0,3.0,4.0,,2.0,,,0.42857142857142855,,0.75,2.0,2.25,0.75
"Hill, Auburn",1,2025-26,4.0,,23.0,,1.0,,1.0,,,,2.0,5.0,7.0,1.0,2.0,2.0,,,,,,5.75,,1.75
"Hill, Kayla",1,2025-26,11.0,,88.0,6.0,28.0,,4.0,5.0,11.0,17.0,2.0,11.0,13.0,10.0,4.0,7.0,8.0,1.0,0.21428571428571427,,0.45454545454545453,8.0,1.5454545454545454,1.1818181818181819
"Holt, Danielle",1,2016-17,30.0,28.0,765.0,76.0,191.0,,6.0,29.0,66.0,181.0,61.0,155.0,216.0,73.0,22.0,84.0,25.0,8.0,0.39790575916230364,,0.4393939393939394,25.5,6.033333333333333,7.2
"Holt, Danielle",2,2016-17;2017-18,60.0,48.0,1409.0,145.0,353.0,3.0,26.0,70.0,147.0,363.0,132.0,270.0,402.0,153.0,55.0,130.0,59.0,19.0,0.41076487252124644,0.11538461538461539,0.47619047619047616,23.483333333333334,6.05,6.7
"Holt, Danielle",3,2016-17;2017-18;2018-19,90.0,78.0,2230.0,208.0,516.0,6.0,41.0,110.0,226.0,532.0,223.0,409.0,632.0,232.0,88.0,188.0,110.0,38.0,0.40310077519379844,0.14634146341463414,0.48672566371681414,24.77777777777778,5.911111111111111,7.022222222222222
"Holt, Danielle",4,2016-17;2017-18;2018-19;2019-20,120.0,108.0,3056.0,288.0,668.0,8.0,43.0,151.0,302.0,735.0,285.0,518.0,803.0,299.0,134.0,240.0,158.0,46.0,0.4311377245508982,0.18604651162790697,0.5,25.466666666666665,6.125,6.691666666666666
"Houston, Lauren",1,2022-23,18.0,,68.0,2.0,9.0,1.0,6.0,1.0,4.0,6.0,1.0,5.0,6.0,6.0,5.0,20.0,1.0,,0.2222222222222222,0.16666666666666666,0.25,3.7777777777777777,0.3333333333333333,0.3333333333333333
"Huber, Vicki",1,2009-10,1.0,,40.0,,2.0,,1.0,7.0,8.0,7.0,,2.0,2.0,1.0,2.0,1.0,,,,,0.875,40.0,7.0,2.0
"Hunt, D'shonda",1,2022-23,1.0,1.0,29.0,2.0,6.0,,,12.0,16.0,16.0,5.0,6.0,11.0,2.0,,1.0,2.0,1.0,0.3333333333333333,,0.75,29.0,16.0,11.0
"Hurst, Haley",1,2018-19,20.0,,91.0,8.0,25.0,,,8.0,13.0,24.0,3.0,10.0,13.0,16.0,2.0,9.0,,5.0,0.32,,0.6153846153846154,4.55,1.2,0.65
"Hurst, Haley",2,2018-19;2019-20,48.0,,430.0,52.0,150.0,,,36.0,65.0,140.0,27.0,62.0,89.0,80.0,16.0,52.0,10.0,12.0,0.3466666666666667,,0.5538461538461539,8.958333333333334,2.9166666666666665,1.8541666666666667
"Imankulova, Dana",1,2025-26,28.0,25.0,563.0,16.0,76.0,9.0,51.0,16.0,28.0,57.0,14.0,45.0,59.0,48.0,68.0,64.0,20.0,,0.21052631578947367,0.17647058823529413,0.5714285714285714,20.107142857142858,2.0357142857142856,2.107142857142857
"James, Emily",1,2009-10,26.0,1.0,351.0,24.0,103.0,6.0,23.0,10.0,19.0,64.0,14.0,52.0,66.0,52.0,7.0,25.0,13.0,17.0,0.23300970873786409,0.2608695652173913,0.5263157894736842,13.5,2.4615384615384617,2.5384615384615383
"James, Megan",1,2014-15,18.0,,119.0,6.0,25.0,3.0,9.0,7.0,16.0,22.0,4.0,14.0,18.0,8.0,3.0,10.0,4.0,2.0,0.24,0.3333333333333333,0.4375,6.611111111111111,1.2222222222222223,1.0
"James, Megan",2,2014-15;2015-16,27.0,,164.0,7.0,35.0,3.0,12.0,11.0,22.0,28.0,6.0,16.0,22.0,11.0,6.0,16.0,4.0,2.0,0.2,0.25,0.5,6.074074074074074,1.037037037037037,0.8148148148148148
"Jantz, Amy",1,2009-10,13.0,1.0,35.0,1.0,5.0,1.0,2.0,,2.0,3.0,1.0,4.0,5.0,1.0,3.0,5.0,3.0,,0.2,0.5,,2.6923076923076925,0.23076923076923078,0.38461538461538464
"Jarvis, Britney",1,2019-20,28.0,21.0,526.0,69.0,214.0,41.0,135.0,13.0,22.0,192.0,18.0,31.0,49.0,53.0,15.0,27.0,51.0,2.0,0.32242990654205606,0.3037037037037037,0.5909090909090909,18.785714285714285,6.857142857142857,1.75
"Jefferson, Whitney",1,2012-13,7.0,,17.0,,5.0,,4.0,,,,1.0,3.0,4.0,,3.0,3.0,1.0,,,,,2.4285714285714284,,0.5714285714285714
"Jefferson, Whitney",2,2012-13;2013-14,38.0,31.0,843.0,22.0,103.0,8.0,49.0,36.0,71.0,88.0,20.0,76.0,96.0,52.0,70.0,98.0,28.0,,0.21359223300970873,0.16326530612244897,0.5070422535211268,22.18421052631579,2.3157894736842106,2.526315789473684
"Jefferson, Whitney",3,2012-13;2013-14;2014-15,68.0,59.0,1598.0,43.0,173.0,13.0,72.0,54.0,111.0,153.0,34.0,129.0,163.0,105.0,140.0,200.0,44.0,1.0,0.24855491329479767,0.18055555555555555,0.4864864864864865,23.5,2.25,2.3970588235294117
"Jefferson, Whitney",4,2012-13;2013-14;2014-15;2015-16,92.0,73.0,1882.0,48.0,191.0,13.0,76.0,61.0,128.0,170.0,40.0,151.0,191.0,128.0,163.0,219.0,46.0,2.0,0.2513089005235602,0.17105263157894737,0.4765625,20.456521739130434,1.8478260869565217,2.0760869565217392
"Jernigan, Kayla",1,2011-12,16.0,,143.0,13.0,35.0,7.0,23.0,1.0,2.0,34.0,4.0,12.0,16.0,9.0,6.0,22.0,1.0,2.0,0.37142857142857144,0.30434782608695654,0.5,8.9375,2.125,1.0
"Jones, Leela",1,2025-26,2.0,,18.0,1.0,3.0,,1.0,2.0,2.0,4.0,,3.0,3.0,3.0,1.0,1.0,4.0,,0.3333333333333333,,1.0,9.0,2.0,1.5
"Joseph, Laheerah",1,2020-21,3.0,,10.0,1.0,3.0,,,,,2.0,,1.0,1.0,2.0,,1.0,1.0,1.0,0.3333333333333333,,,3.3333333333333335,0.6666666666666666,0.3333333333333333
"Joseph, Laheerah",2,2020-21;2021-22,18.0,,70.0,2.0,10.0,,,1.0,2.0,5.0,1.0,8.0,9.0,11.0,1.0,7.0,2.0,4.0,0.2,,0.5,3.888888888888889,0.2777777777777778,0.5
"Joseph, Laheerah",3,2020-21;2021-22;2022-23,35.0,8.0,188.0,8.0,36.0,,,3.0,6.0,19.0,9.0,21.0,30.0,21.0,6.0,18.0,3.0,6.0,0.2222222222222222,,0.5,5.371428571428571,0.5428571428571428,0.8571428571428571
"Joseph, Lasheicka",1,2020-21,5.0,,18.0,2.0,5.0,,,,,4.0,,4.0,4.0,4.0,1.0,1.0,1.0,1.0,0.4,,,3.6,0.8,0.8
"Joseph, Lasheicka",2,2020-21;2021-22,8.0,1.0,20.0,2.0,5.0,,,,,4.0,,4.0,4.0,4.0,1.0,1.0,1.0,1.0,0.4,,,2.5,0.5,0.5
"Kelly, Kendahl",1,2015-16,19.0,,145.0,12.0,32.0,9.0,25.0,4.0,6.0,37.0,,5.0,5.0,9.0,2.0,5.0,4.0,,0.375,0.36,0.6666666666666666,7.631578947368421,1.9473684210526316,0.2631578947368421
"Kelly, Kendahl",2,2015-16;2016-17,38.0,,269.0,16.0,62.0,12.0,51.0,10.0,14.0,54.0,2.0,12.0,14.0,16.0,7.0,13.0,4.0,,0.25806451612903225,0.23529411764705882,0.7142857142857143,7.078947368421052,1.4210526315789473,0.3684210526315789
"Kennedy, Jheda",1,2022-23,26.0,15.0,549.0,46.0,153.0,13.0,53.0,24.0,44.0,129.0,6.0,52.0,58.0,47.0,35.0,52.0,25.0,3.0,0.3006535947712418,0.24528301886792453,0.5454545454545454,21.115384615384617,4.961538461538462,2.230769230769231
"King, Sarah",1,2018-19,1.0,,3.0,1.0,1.0,1.0,1.0,2.0,2.0,5.0,,,,,,,,,1.0,1.0,1.0,3.0,5.0,
"Kirkman, Summer",1,2022-23,26.0,10.0,566.0,82.0,225.0,35.0,119.0,41.0,62.0,240.0,33.0,79.0,112.0,65.0,37.0,67.0,28.0,1.0,0.36444444444444446,0.29411764705882354,0.6612903225806451,21.76923076923077,9.23076923076923,4.3076923076923075
"Kirkman, Summer",2,2022-23;2023-24,31.0,10.0,647.0,88.0,242.0,39.0,132.0,48.0,72.0,263.0,37.0,86.0,123.0,69.0,44.0,79.0,34.0,1.0,0.36363636363636365,0.29545454545454547,0.6666666666666666,20.870967741935484,8.483870967741936,3.967741935483871
"Kuhn, RJ",1,2016-17,20.0,,184.0,18.0,56.0,15.0,46.0,3.0,4.0,54.0,5.0,5.0,10.0,11.0,13.0,25.0,8.0,,0.32142857142857145,0.32608695652173914,0.75,9.2,2.7,0.5
"Kuhn, RJ",2,2016-17;2017-18,24.0,,216.0,22.0,68.0,17.0,54.0,6.0,8.0,67.0,7.0,9.0,16.0,16.0,17.0,32.0,8.0,,0.3235294117647059,0.3148148148148148,0.75,9.0,2.7916666666666665,0.6666666666666666
"Lee, Taryn",1,2015-16,10.0,,50.0,3.0,9.0,,,7.0,10.0,13.0,8.0,7.0,15.0,9.0,,2.0,1.0,1.0,0.3333333333333333,,0.7,5.0,1.3,1.5
"Lippert, Laura",1,2010-11,1.0,,20.0,3.0,10.0,2.0,4.0,,,8.0,3.0,4.0,7.0,1.0,5.0,1.0,2.0,,0.3,0.5,,20.0,8.0,7.0
"Logan, Madison",1,2021-22,1.0,,2.0,,1.0,,,,,,,,,,,1.0,,,,,,2.0,,
"McCain, Kenya",1,2023-24,2.0,,10.0,1.0,3.0,,,,,2.0,2.0,,2.0,,2.0,2.0,2.0,,0.3333333333333333,,,5.0,1.0,1.0
"McCain, Kenya",2,2023-24;2024-25,25.0,8.0,232.0,14.0,37.0,1.0,3.0,8.0,14.0,37.0,23.0,43.0,66.0,13.0,17.0,26.0,10.0,1.0,0.3783783783783784,0.3333333333333333,0.5714285714285714,9.28,1.48,2.64
"McCain, Kenya",3,2023-24;2024-25;2025-26,53.0,9.0,484.0,35.0,86.0,1.0,3.0,32.0,53.0,103.0,59.0,100.0,159.0,34.0,25.0,49.0,24.0,2.0,0.4069767441860465,0.3333333333333333,0.6037735849056604,9.132075471698114,1.9433962264150944,3.0
"McClellan, Reagan",1,2015-16,27.0,14.0,495.0,29.0,60.0,,5.0,15.0,33.0,73.0,7.0,62.0,69.0,52.0,51.0,75.0,41.0,3.0,0.48333333333333334,,0.45454545454545453,18.333333333333332,2.7037037037037037,2.5555555555555554
"McElrath, Dy'mond",1,2020-21,13.0,13.0,358.0,46.0,119.0,10.0,33.0,24.0,34.0,126.0,9.0,32.0,41.0,29.0,53.0,36.0,30.0,2.0,0.3865546218487395,0.30303030303030304,0.7058823529411765,27.53846153846154,9.692307692307692,3.1538461538461537
"McElrath, Dy'mond",2,2020-21;2021-22,44.0,44.0,1357.0,121.0,362.0,31.0,109.0,99.0,134.0,372.0,18.0,117.0,135.0,110.0,187.0,116.0,71.0,6.0,0.3342541436464088,0.28440366972477066,0.7388059701492538,30.84090909090909,8.454545454545455,3.0681818181818183
"McElrath, Dy'mond",3,2020-21;2021-22;2022-23,70.0,70.0,2284.0,214.0,628.0,48.0,164.0,192.0,256.0,668.0,38.0,233.0,271.0,149.0,283.0,201.0,117.0,6.0,0.34076433121019106,0.2926829268292683,0.75,32.628571428571426,9.542857142857143,3.8714285714285714
"Mcelroy, Emily",1,2022-23,1.0,,4.0,,1.0,,1.0,,,,1.0,,1.0,,,,,,,,,4.0,,1.0
"Mcguire, Jessica",1,2009-10,1.0,,20.0,,2.0,,,,2.0,,1.0,3.0,4.0,2.0,,1.0,,,,,,20.0,,4.0
"Mikulski, Micayla",1,2018-19,20.0,,98.0,10.0,28.0,,2.0,13.0,18.0,33.0,6.0,18.0,24.0,24.0,4.0,12.0,5.0,1.0,0.35714285714285715,,0.7222222222222222,4.9,1.65,1.2
"Milum, Maressah",1,2016-17,10.0,1.0,145.0,21.0,46.0,,,20.0,29.0,62.0,15.0,28.0,43.0,19.0,12.0,20.0,4.0,1.0,0.45652173913043476,,0.6896551724137931,14.5,6.2,4.3
"Milum, Maressah",2,2016-17;2017-18,28.0,9.0,373.0,44.0,90.0,,2.0,50.0,68.0,138.0,36.0,64.0,100.0,44.0,23.0,49.0,20.0,4.0,0.4888888888888889,,0.7352941176470589,13.321428571428571,4.928571428571429,3.5714285714285716
"Mims, Micha",1,2010-11,1.0,1.0,19.0,5.0,9.0,4.0,6.0,1.0,1.0,15.0,1.0,4.0,5.0,,3.0,4.0,2.0,,0.5555555555555556,0.6666666666666666,1.0,19.0,15.0,5.0
"Moore, Carlasia",1,2025-26,7.0,,46.0,6.0,11.0,,2.0,4.0,5.0,16.0,1.0,,1.0,3.0,10.0,8.0,5.0,,0.5454545454545454,,0.8,6.571428571428571,2.2857142857142856,0.14285714285714285
"Moore, Jayla",1,2021-22,18.0,,70.0,,11.0,,2.0,3.0,4.0,3.0,8.0,4.0,12.0,7.0,2.0,4.0,,1.0,,,0.75,3.888888888888889,0.16666666666666666,0.6666666666666666
"Moore, Jayla",2,2021-22;2022-23,45.0,2.0,501.0,34.0,106.0,3.0,14.0,24.0,43.0,95.0,20.0,30.0,50.0,51.0,19.0,34.0,6.0,2.0,0.32075471698113206,0.21428571428571427,0.5581395348837209,11.133333333333333,2.111111111111111,1.1111111111111112
"Moore, Jayla",3,2021-22;2022-23;2023-24,73.0,13.0,996.0,58.0,195.0,7.0,38.0,51.0,103.0,174.0,39.0,76.0,115.0,86.0,37.0,61.0,29.0,8.0,0.29743589743589743,0.18421052631578946,0.49514563106796117,13.643835616438356,2.3835616438356166,1.5753424657534247
"Moore, Jayla",4,2021-22;2022-23;2023-24;2024-25,101.0,41.0,1638.0,108.0,347.0,8.0,62.0,83.0,161.0,307.0,72.0,127.0,199.0,139.0,85.0,109.0,54.0,13.0,0.3112391930835735,0.12903225806451613,0.515527950310559,16.217821782178216,3.0396039603960396,1.9702970297029703
"Morbley, Chae",1,2018-19,1.0,,15.0,1.0,1.0,,,,,2.0,,1.0,1.0,1.0,,1.0,,,1.0,,,15.0,2.0,1.0
"Moseley, Maison",1,2018-19,24.0,,246.0,31.0,77.0,2.0,13.0,32.0,50.0,96.0,5.0,15.0,20.0,26.0,10.0,22.0,8.0,2.0,0.4025974025974026,0.15384615384615385,0.64,10.25,4.0,0.8333333333333334
"Moseley, Maison",2,2018-19;2019-20,54.0,29.0,1046.0,126.0,310.0,10.0,55.0,121.0,170.0,383.0,44.0,62.0,106.0,73.0,76.0,107.0,58.0,4.0,0.4064516129032258,0.18181818181818182,0.711764705882353,19.37037037037037,7.092592592592593,1.962962962962963
"Moseley, Maison",3,2018-19;2019-20;2020-21,79.0,54.0,1750.0,237.0,578.0,34.0,143.0,180.0,252.0,688.0,69.0,89.0,158.0,112.0,119.0,169.0,100.0,7.0,0.4100346020761246,0.23776223776223776,0.7142857142857143,22.151898734177216,8.708860759493671,2.0
"Moseley, Maison",4,2018-19;2019-20;2020-21;2021-22,110.0,84.0,2469.0,333.0,809.0,48.0,191.0,236.0,330.0,950.0,112.0,120.0,232.0,179.0,159.0,244.0,140.0,12.0,0.411619283065513,0.2513089005235602,0.7151515151515152,22.445454545454545,8.636363636363637,2.109090909090909
"Moses , Matisyn",1,2023-24,28.0,28.0,757.0,102.0,272.0,13.0,59.0,86.0,115.0,303.0,36.0,118.0,154.0,90.0,29.0,66.0,19.0,12.0,0.375,0.22033898305084745,0.7478260869565218,27.035714285714285,10.821428571428571,5.5
"Moses, Matisyn",1,2022-23,27.0,27.0,544.0,68.0,194.0,6.0,14.0,53.0,78.0,195.0,35.0,68.0,103.0,88.0,11.0,48.0,13.0,4.0,0.35051546391752575,0.42857142857142855,0.6794871794871795,20.14814814814815,7.222222222222222,3.814814814814815
"Nolan, Kamryn",1,2023-24,11.0,,45.0,6.0,18.0,,3.0,,,12.0,4.0,6.0,10.0,2.0,1.0,5.0,2.0,,0.3333333333333333,,,4.090909090909091,1.0909090909090908,0.9090909090909091
"Olivar, Kalli",1,2019-20,1.0,,2.0,,,,,,,,,,,,,,,,,,,2.0,,
"Olivar, Kalli",2,2019-20;2020-21,10.0,,37.0,2.0,4.0,1.0,2.0,1.0,6.0,6.0,,1.0,1.0,8.0,1.0,5.0,3.0,,0.5,0.5,0.16666666666666666,3.7,0.6,0.1
"Olivar, Kalli",3,2019-20;2020-21;2021-22,14.0,,45.0,2.0,6.0,1.0,2.0,1.0,6.0,6.0,,2.0,2.0,8.0,1.0,5.0,3.0,,0.3333333333333333,0.5,0.16666666666666666,3.2142857142857144,0.42857142857142855,0.14285714285714285
"Olivar, Kalli",4,2019-20;2020-21;2021-22;2022-23,28.0,1.0,115.0,4.0,16.0,1.0,5.0,6.0,14.0,15.0,4.0,6.0,10.0,21.0,2.0,15.0,8.0,,0.25,0.2,0.42857142857142855,4.107142857142857,0.5357142857142857,0.35714285714285715
"Olvera, Julie",1,2017-18,26.0,1.0,268.0,23.0,75.0,13.0,53.0,15.0,19.0,74.0,15.0,31.0,46.0,24.0,11.0,23.0,17.0,3.0,0.30666666666666664,0.24528301886792453,0.7894736842105263,10.307692307692308,2.8461538461538463,1.7692307692307692
"Olvera, Julie",2,2017-18;2018-19,52.0,1.0,470.0,44.0,127.0,18.0,72.0,23.0,30.0,129.0,33.0,62.0,95.0,52.0,23.0,42.0,32.0,5.0,0.3464566929133858,0.25,0.7666666666666667,9.038461538461538,2.480769230769231,1.8269230769230769
"Osborn, Taylor",1,2018-19,25.0,1.0,142.0,9.0,48.0,7.0,35.0,4.0,6.0,29.0,5.0,13.0,18.0,14.0,9.0,17.0,3.0,,0.1875,0.2,0.6666666666666666,5.68,1.16,0.72
"Osborn, Taylor",2,2018-19;2019-20,49.0,2.0,300.0,25.0,88.0,20.0,69.0,7.0,12.0,77.0,6.0,23.0,29.0,32.0,20.0,27.0,9.0,,0.2840909090909091,0.2898550724637681,0.5833333333333334,6.122448979591836,1.5714285714285714,0.5918367346938775
"Ozbun, Kristen",1,2009-10,26.0,26.0,800.0,134.0,356.0,39.0,115.0,49.0,63.0,356.0,44.0,80.0,124.0,50.0,43.0,33.0,38.0,7.0,0.37640449438202245,0.3391304347826087,0.7777777777777778,30.76923076923077,13.692307692307692,4.769230769230769
"Ozbun, Kristen",2,2009-10;2010-11,54.0,53.0,1759.0,266.0,741.0,82.0,233.0,131.0,191.0,745.0,76.0,169.0,245.0,108.0,99.0,123.0,74.0,14.0,0.358974358974359,0.351931330472103,0.6858638743455497,32.574074074074076,13.796296296296296,4.537037037037037
"Parker, Dana",1,2025-26,25.0,4.0,125.0,10.0,23.0,,1.0,2.0,2.0,22.0,4.0,19.0,23.0,13.0,4.0,8.0,3.0,4.0,0.43478260869565216,,1.0,5.0,0.88,0.92
"Payne, Laderricka",1,2025-26,6.0,,48.0,4.0,10.0,,,12.0,16.0,20.0,2.0,2.0,4.0,4.0,1.0,4.0,3.0,,0.4,,0.75,8.0,3.3333333333333335,0.6666666666666666
"Peters, Taylor",1,2011-12,1.0,,3.0,,3.0,,,,,,,,,,,,1.0,,,,,3.0,,
"Phillips, Arriyonn",1,2022-23,25.0,1.0,302.0,47.0,107.0,3.0,11.0,16.0,21.0,113.0,27.0,45.0,72.0,32.0,16.0,25.0,22.0,1.0,0.4392523364485981,0.2727272727272727,0.7619047619047619,12.08,4.52,2.88
"Pittas, Brittany",1,2011-12,27.0,5.0,611.0,108.0,300.0,46.0,147.0,54.0,73.0,316.0,22.0,39.0,61.0,46.0,30.0,50.0,38.0,3.0,0.36,0.3129251700680272,0.7397260273972602,22.62962962962963,11.703703703703704,2.259259259259259
"Pittas, Brittany",2,2011-12;2012-13,38.0,16.0,932.0,180.0,464.0,79.0,222.0,71.0,92.0,510.0,32.0,63.0,95.0,68.0,38.0,86.0,53.0,4.0,0.3879310344827586,0.35585585585585583,0.7717391304347826,24.526315789473685,13.421052631578947,2.5
"Poland, Stephanie",1,2009-10,24.0,24.0,508.0,45.0,133.0,,1.0,27.0,60.0,117.0,66.0,87.0,153.0,80.0,11.0,41.0,25.0,12.0,0.3383458646616541,,0.45,21.166666666666668,4.875,6.375
"Pomrenke, Carly",1,2023-24,10.0,,42.0,2.0,9.0,1.0,8.0,,,5.0,4.0,5.0,9.0,2.0,1.0,1.0,1.0,,0.2222222222222222,0.125,,4.2,0.5,0.9
"Pomrenke, Carly",2,2023-24;2024-25,24.0,1.0,155.0,8.0,29.0,3.0,22.0,1.0,2.0,20.0,10.0,28.0,38.0,10.0,5.0,6.0,4.0,,0.27586206896551724,0.13636363636363635,0.5,6.458333333333333,0.8333333333333334,1.5833333333333333
"Porter, Kt",1,2011-12,29.0,23.0,718.0,139.0,331.0,34.0,100.0,45.0,66.0,357.0,18.0,46.0,64.0,55.0,48.0,91.0,46.0,4.0,0.4199395770392749,0.34,0.6818181818181818,24.75862068965517,12.310344827586206,2.206896551724138
"Potter, Kristin",1,2018-19,27.0,,198.0,15.0,45.0,1.0,13.0,13.0,16.0,44.0,13.0,24.0,37.0,34.0,15.0,21.0,3.0,2.0,0.3333333333333333,0.07692307692307693,0.8125,7.333333333333333,1.6296296296296295,1.3703703703703705
"Potter, Kristin",2,2018-19;2020-21,45.0,1.0,316.0,22.0,64.0,2.0,21.0,13.0,16.0,59.0,14.0,39.0,53.0,49.0,15.0,32.0,4.0,4.0,0.34375,0.09523809523809523,0.8125,7.022222222222222,1.3111111111111111,1.1777777777777778
"Puttergill, Tayler",1,2011-12,29.0,27.0,606.0,105.0,269.0,10.0,42.0,47.0,71.0,267.0,48.0,105.0,153.0,72.0,22.0,62.0,22.0,8.0,0.3903345724907063,0.23809523809523808,0.6619718309859155,20.896551724137932,9.206896551724139,5.275862068965517
"Puttergill, Tayler",2,2011-12;2012-13,49.0,31.0,971.0,172.0,457.0,20.0,88.0,74.0,112.0,438.0,81.0,199.0,280.0,117.0,29.0,102.0,33.0,13.0,0.37636761487964987,0.22727272727272727,0.6607142857142857,19.816326530612244,8.938775510204081,5.714285714285714
"Raimondi, Bela",1,2018-19,30.0,20.0,567.0,44.0,152.0,18.0,83.0,23.0,27.0,129.0,24.0,17.0,41.0,64.0,22.0,36.0,29.0,3.0,0.2894736842105263,0.21686746987951808,0.8518518518518519,18.9,4.3,1.3666666666666667
"Reis, Lindsey",1,2010-11,1.0,1.0,21.0,4.0,8.0,1.0,4.0,3.0,3.0,12.0,,2.0,2.0,1.0,2.0,,2.0,,0.5,0.25,1.0,21.0,12.0,2.0
"Richardson, Cami",1,2016-17,30.0,30.0,938.0,114.0,253.0,29.0,91.0,83.0,112.0,340.0,54.0,149.0,203.0,70.0,113.0,103.0,52.0,21.0,0.4505928853754941,0.31868131868131866,0.7410714285714286,31.266666666666666,11.333333333333334,6.766666666666667
"Richardson, Cami",2,2016-17;2017-18,60.0,60.0,1809.0,212.0,511.0,64.0,194.0,154.0,209.0,642.0,88.0,282.0,370.0,137.0,194.0,183.0,100.0,39.0,0.41487279843444225,0.32989690721649484,0.7368421052631579,30.15,10.7,6.166666666666667
"Roberts, Brittany",1,2017-18,25.0,14.0,437.0,70.0,175.0,,,39.0,97.0,179.0,66.0,79.0,145.0,72.0,7.0,67.0,17.0,10.0,0.4,,0.4020618556701031,17.48,7.16,5.8
"Roberts, Brittany",2,2017-18;2018-19,54.0,42.0,1265.0,215.0,546.0,,,116.0,268.0,546.0,155.0,285.0,440.0,177.0,47.0,185.0,81.0,30.0,0.39377289377289376,,0.43283582089552236,23.425925925925927,10.11111111111111,8.148148148148149
"Roberts, Brittany",3,2017-18;2018-19;2019-20,84.0,72.0,2126.0,439.0,1019.0,,3.0,240.0,521.0,1118.0,263.0,551.0,814.0,280.0,115.0,311.0,136.0,56.0,0.4308145240431796,,0.46065259117082535,25.30952380952381,13.30952380952381,9.69047619047619
"Roberts, Brittany",4,2017-18;2018-19;2019-20;2020-21,109.0,97.0,2970.0,630.0,1442.0,,4.0,383.0,750.0,1643.0,369.0,846.0,1215.0,381.0,162.0,426.0,196.0,84.0,0.4368932038834951,,0.5106666666666667,27.24770642201835,15.073394495412844,11.146788990825687
"Roberts, Brittany",5,2017-18;2018-19;2019-20;2020-21;2021-22,140.0,126.0,3981.0,862.0,1907.0,,6.0,526.0,1018.0,2250.0,498.0,1182.0,1680.0,488.0,249.0,567.0,262.0,123.0,0.4520188778185632,,0.5166994106090373,28.435714285714287,16.071428571428573,12.0
"Robinson, Shireana",1,2009-10,26.0,14.0,645.0,98.0,250.0,1.0,6.0,39.0,76.0,236.0,65.0,80.0,145.0,66.0,16.0,43.0,16.0,12.0,0.392,0.16666666666666666,0.5131578947368421,24.807692307692307,9.076923076923077,5.576923076923077
"Rodgers , Gillian",1,2023-24,28.0,27.0,742.0,101.0,246.0,10.0,37.0,45.0,69.0,257.0,47.0,94.0,141.0,71.0,20.0,83.0,22.0,6.0,0.4105691056910569,0.2702702702702703,0.6521739130434783,26.5,9.178571428571429,5.035714285714286
"Rodgers , Gillian",2,2023-24;2024-25,56.0,54.0,1471.0,201.0,538.0,28.0,101.0,84.0,130.0,514.0,75.0,181.0,256.0,135.0,31.0,141.0,40.0,16.0,0.3736059479553903,0.27722772277227725,0.6461538461538462,26.267857142857142,9.178571428571429,4.571428571428571
"Rodgers , Gillian",3,2023-24;2024-25;2025-26,84.0,55.0,1798.0,264.0,701.0,51.0,188.0,109.0,164.0,688.0,92.0,218.0,310.0,172.0,42.0,173.0,45.0,25.0,0.37660485021398005,0.2712765957446808,0.6646341463414634,21.404761904761905,8.19047619047619,3.6904761904761907
"Rodgers, Gillian",1,2022-23,26.0,,322.0,38.0,101.0,,1.0,34.0,46.0,110.0,23.0,19.0,42.0,40.0,1.0,22.0,11.0,5.0,0.37623762376237624,,0.7391304347826086,12.384615384615385,4.230769230769231,1.6153846153846154
"Rodriguez, Scarlet",1,2018-19,6.0,,13.0,,1.0,,1.0,,2.0,,,,,2.0,2.0,1.0,,,,,,2.1666666666666665,,
"Rogers, Melissa",1,2023-24,1.0,,9.0,,5.0,,4.0,,,,1.0,,1.0,1.0,1.0,,,,,,,9.0,,1.0
"Rogers, Melissa",2,2023-24;2024-25,7.0,,21.0,,7.0,,4.0,1.0,2.0,1.0,1.0,1.0,2.0,1.0,1.0,1.0,1.0,,,,0.5,3.0,0.14285714285714285,0.2857142857142857
"Rosa, Isabella",1,2025-26,22.0,18.0,302.0,38.0,94.0,,3.0,23.0,41.0,99.0,35.0,18.0,53.0,46.0,19.0,31.0,8.0,9.0,0.40425531914893614,,0.5609756097560976,13.727272727272727,4.5,2.409090909090909
"Rotering, Anneliese",1,2009-10,3.0,,3.0,,,,,,,,,,,,,,,,,,,1.0,,
"Saul, Katherine",1,2020-21,3.0,,4.0,,,,,,,,,,,1.0,,,,,,,,1.3333333333333333,,
"Savage, Chelsea",1,2012-13,9.0,,48.0,7.0,29.0,4.0,18.0,8.0,12.0,26.0,,2.0,2.0,1.0,3.0,,2.0,,0.2413793103448276,0.2222222222222222,0.6666666666666666,5.333333333333333,2.888888888888889,0.2222222222222222
"Schrag, Taylor",1,2011-12,23.0,,239.0,9.0,43.0,1.0,10.0,20.0,30.0,39.0,7.0,25.0,32.0,18.0,9.0,20.0,14.0,2.0,0.20930232558139536,0.1,0.6666666666666666,10.391304347826088,1.6956521739130435,1.391304347826087
"Schultehenrich, Molly",1,2019-20,16.0,,142.0,9.0,26.0,5.0,21.0,1.0,2.0,24.0,1.0,13.0,14.0,18.0,2.0,4.0,7.0,1.0,0.34615384615384615,0.23809523809523808,0.5,8.875,1.5,0.875
"Schultehenrich, Molly",2,2019-20;2020-21,24.0,,200.0,14.0,41.0,8.0,31.0,3.0,4.0,39.0,2.0,18.0,20.0,20.0,3.0,6.0,8.0,3.0,0.34146341463414637,0.25806451612903225,0.75,8.333333333333334,1.625,0.8333333333333334
"Sharp, Carley",1,2009-10,15.0,10.0,270.0,40.0,76.0,,,24.0,40.0,104.0,27.0,20.0,47.0,37.0,9.0,20.0,10.0,9.0,0.5263157894736842,,0.6,18.0,6.933333333333334,3.1333333333333333
"Shaw, Briana",1,2021-22,1.0,,2.0,,1.0,,1.0,,,,,,,,,,,,,,,2.0,,
"Shaw, Brianna",1,2020-21,3.0,,5.0,,4.0,,1.0,,,,,,,,2.0,,,,,,,1.6666666666666667,,
"Shaw, Brianna",2,2020-21;2022-23,5.0,,6.0,,4.0,,1.0,,,,,,,,2.0,,,,,,,1.2,,
"Short, Chandler",1,2012-13,28.0,,295.0,23.0,87.0,11.0,46.0,17.0,25.0,74.0,8.0,29.0,37.0,35.0,14.0,17.0,6.0,,0.26436781609195403,0.2391304347826087,0.68,10.535714285714286,2.642857142857143,1.3214285714285714
"Short, Chandler",2,2012-13;2013-14,59.0,,893.0,92.0,283.0,40.0,141.0,69.0,99.0,293.0,33.0,71.0,104.0,100.0,48.0,77.0,25.0,5.0,0.3250883392226148,0.28368794326241137,0.696969696969697,15.135593220338983,4.966101694915254,1.7627118644067796
"Simmons, TiJanae'",1,2021-22,30.0,10.0,644.0,101.0,324.0,65.0,216.0,35.0,47.0,302.0,15.0,83.0,98.0,38.0,42.0,32.0,22.0,6.0,0.3117283950617284,0.30092592592592593,0.7446808510638298,21.466666666666665,10.066666666666666,3.2666666666666666
"Slater, Whitney",1,2010-11,25.0,8.0,371.0,19.0,102.0,2.0,33.0,18.0,22.0,58.0,25.0,32.0,57.0,26.0,28.0,52.0,17.0,,0.18627450980392157,0.06060606060606061,0.8181818181818182,14.84,2.32,2.28
"Slater, Whitney",2,2010-11;2011-12,31.0,9.0,400.0,22.0,115.0,3.0,39.0,18.0,24.0,65.0,26.0,37.0,63.0,29.0,31.0,57.0,17.0,,0.19130434782608696,0.07692307692307693,0.75,12.903225806451612,2.096774193548387,2.032258064516129
"Sloan, Brooke",1,2009-10,25.0,1.0,165.0,22.0,83.0,17.0,67.0,10.0,14.0,71.0,3.0,9.0,12.0,14.0,10.0,16.0,3.0,1.0,0.26506024096385544,0.2537313432835821,0.7142857142857143,6.6,2.84,0.48
"Sloan, Brooke",2,2009-10;2010-11,44.0,1.0,306.0,37.0,164.0,31.0,137.0,13.0,20.0,118.0,6.0,19.0,25.0,20.0,15.0,25.0,7.0,1.0,0.22560975609756098,0.22627737226277372,0.65,6.954545454545454,2.6818181818181817,0.5681818181818182
"Smart, Georgia",1,2014-15,30.0,12.0,518.0,61.0,153.0,1.0,11.0,53.0,92.0,176.0,53.0,78.0,131.0,86.0,23.0,73.0,10.0,26.0,0.39869281045751637,0.09090909090909091,0.5760869565217391,17.266666666666666,5.866666666666666,4.366666666666666
"Smart, Georgia",2,2014-15;2015-16,59.0,25.0,1028.0,134.0,328.0,3.0,14.0,97.0,161.0,368.0,116.0,137.0,253.0,151.0,40.0,117.0,24.0,52.0,0.40853658536585363,0.21428571428571427,0.6024844720496895,17.423728813559322,6.237288135593221,4.288135593220339
"Smart, Sunny",1,2013-14,31.0,,666.0,69.0,223.0,50.0,158.0,46.0,56.0,234.0,24.0,99.0,123.0,42.0,43.0,43.0,23.0,5.0,0.3094170403587444,0.31645569620253167,0.8214285714285714,21.483870967741936,7.548387096774194,3.967741935483871
"Smart, Sunny",2,2013-14;2014-15,61.0,30.0,1687.0,197.0,593.0,132.0,425.0,107.0,140.0,633.0,68.0,266.0,334.0,111.0,114.0,120.0,63.0,14.0,0.33220910623946037,0.31058823529411766,0.7642857142857142,27.65573770491803,10.37704918032787,5.475409836065574
"Smart, Sunny",3,2013-14;2014-15;2015-16,91.0,55.0,2417.0,263.0,806.0,175.0,587.0,137.0,181.0,838.0,91.0,345.0,436.0,170.0,131.0,154.0,77.0,17.0,0.326302729528536,0.2981260647359455,0.7569060773480663,26.560439560439562,9.208791208791208,4.791208791208791
"Smith, Kennedy",1,2024-25,14.0,7.0,272.0,44.0,110.0,,,34.0,59.0,122.0,51.0,56.0,107.0,44.0,2.0,24.0,11.0,3.0,0.4,,0.576271186440678,19.428571428571427,8.714285714285714,7.642857142857143
"Smith, Naomi",1,2021-22,2.0,,4.0,,1.0,,,,,,1.0,1.0,2.0,2.0,1.0,1.0,,,,,,2.0,,1.0
"Smith, Naomi",2,2021-22;2022-23,3.0,,6.0,1.0,4.0,,,,,2.0,1.0,1.0,2.0,2.0,1.0,1.0,,,0.25,,,2.0,0.6666666666666666,0.6666666666666666
"Solano, Nikki",1,2009-10,1.0,,,,,,,,,,,,,,,,,,,,,,,
"Spottedtail, Neola",1,2018-19,1.0,,3.0,,,,,,,,,,,1.0,,,,,,,,3.0,,
"Starr , Taylor",1,2022-23,1.0,,5.0,1.0,1.0,1.0,1.0,,,3.0,,3.0,3.0,,,1.0,,,1.0,1.0,,5.0,3.0,3.0
"Starr , Taylor",2,2022-23;2023-24,29.0,28.0,643.0,19.0,69.0,10.0,32.0,2.0,8.0,50.0,20.0,74.0,94.0,20.0,36.0,88.0,17.0,3.0,0.2753623188405797,0.3125,0.25,22.17241379310345,1.7241379310344827,3.2413793103448274
"Stevenson, Lynix",1,2025-26,16.0,,46.0,3.0,18.0,,,1.0,2.0,7.0,3.0,7.0,10.0,8.0,,5.0,3.0,3.0,0.16666666666666666,,0.5,2.875,0.4375,0.625
"Tease, Amarion",1,2024-25,23.0,8.0,332.0,43.0,128.0,10.0,39.0,24.0,40.0,120.0,9.0,52.0,61.0,37.0,17.0,31.0,16.0,5.0,0.3359375,0.2564102564102564,0.6,14.434782608695652,5.217391304347826,2.652173913043478
"Teeters, Jamie",1,2009-10,25.0,3.0,351.0,21.0,85.0,,20.0,14.0,41.0,56.0,22.0,51.0,73.0,27.0,23.0,37.0,17.0,,0.24705882352941178,,0.34146341463414637,14.04,2.24,2.92
"Tejero, Brenda",1,2013-14,7.0,,24.0,4.0,6.0,4.0,6.0,1.0,3.0,13.0,,1.0,1.0,5.0,1.0,1.0,,,0.6666666666666666,0.6666666666666666,0.3333333333333333,3.4285714285714284,1.8571428571428572,0.14285714285714285
"Tejero, Brenda",2,2013-14;2014-15,17.0,,79.0,7.0,18.0,7.0,17.0,2.0,5.0,23.0,2.0,10.0,12.0,10.0,2.0,8.0,3.0,1.0,0.3888888888888889,0.4117647058823529,0.4,4.647058823529412,1.3529411764705883,0.7058823529411765
"Tims, Asya",1,2018-19,30.0,29.0,817.0,85.0,222.0,21.0,66.0,109.0,153.0,300.0,54.0,64.0,118.0,76.0,61.0,81.0,40.0,3.0,0.38288288288288286,0.3181818181818182,0.7124183006535948,27.233333333333334,10.0,3.933333333333333
"Turner, Tecie",1,2009-10,6.0,,24.0,1.0,8.0,,1.0,1.0,3.0,3.0,3.0,2.0,5.0,3.0,,3.0,,,0.125,,0.3333333333333333,4.0,0.5,0.8333333333333334
"Upchurch, Kenajah",1,2019-20,30.0,8.0,405.0,39.0,122.0,5.0,29.0,16.0,45.0,99.0,24.0,41.0,65.0,66.0,16.0,27.0,30.0,4.0,0.319672131147541,0.1724137931034483,0.35555555555555557,13.5,3.3,2.1666666666666665
"Upchurch, Kenajah",2,2019-20;2020-21,40.0,13.0,599.0,66.0,179.0,6.0,32.0,19.0,55.0,157.0,35.0,56.0,91.0,102.0,29.0,48.0,45.0,9.0,0.3687150837988827,0.1875,0.34545454545454546,14.975,3.925,2.275
"Valdez, Dominique",1,2024-25,1.0,,2.0,,,,,,,,,,,1.0,,,,,,,,2.0,,
"Van Donselaar, Emma",1,2016-17,24.0,,352.0,28.0,70.0,3.0,15.0,44.0,60.0,103.0,15.0,31.0,46.0,36.0,15.0,31.0,14.0,1.0,0.4,0.2,0.7333333333333333,14.666666666666666,4.291666666666667,1.9166666666666667
"Van Donselaar, Emma",2,2016-17;2017-18,44.0,8.0,713.0,55.0,142.0,4.0,22.0,65.0,94.0,179.0,33.0,69.0,102.0,69.0,27.0,55.0,26.0,3.0,0.3873239436619718,0.18181818181818182,0.6914893617021277,16.204545454545453,4.068181818181818,2.3181818181818183
"Verdieck, Tori",1,2010-11,23.0,19.0,436.0,37.0,85.0,,,57.0,80.0,131.0,42.0,65.0,107.0,78.0,1.0,34.0,10.0,17.0,0.43529411764705883,,0.7125,18.956521739130434,5.695652173913044,4.6521739130434785
"Verdieck, Tori",2,2010-11;2011-12,35.0,19.0,523.0,42.0,97.0,,,63.0,92.0,147.0,47.0,79.0,126.0,95.0,3.0,46.0,13.0,23.0,0.4329896907216495,,0.6847826086956522,14.942857142857143,4.2,3.6
"Verdieck, Tori",3,2010-11;2011-12;2012-13,37.0,19.0,527.0,42.0,98.0,,,63.0,92.0,147.0,47.0,79.0,126.0,97.0,3.0,46.0,13.0,23.0,0.42857142857142855,,0.6847826086956522,14.243243243243244,3.972972972972973,3.4054054054054053
"Ward , Katy",1,2025-26,2.0,1.0,16.0,1.0,2.0,,1.0,2.0,2.0,4.0,,,,1.0,2.0,,1.0,,0.5,,1.0,8.0,2.0,
"Watson, Faith",1,2023-24,6.0,,51.0,3.0,9.0,,,,,6.0,3.0,5.0,8.0,10.0,3.0,1.0,5.0,,0.3333333333333333,,,8.5,1.0,1.3333333333333333
"Watts, Kelli",1,2009-10,22.0,1.0,155.0,14.0,47.0,10.0,27.0,3.0,5.0,41.0,5.0,11.0,16.0,12.0,8.0,14.0,1.0,,0.2978723404255319,0.37037037037037035,0.6,7.045454545454546,1.8636363636363635,0.7272727272727273
"Weaver, Kassidy",1,2019-20,1.0,,9.0,1.0,3.0,,,,,2.0,,5.0,5.0,2.0,1.0,3.0,,1.0,0.3333333333333333,,,9.0,2.0,5.0
"Weaver, Kassidy",2,2019-20;2020-21,5.0,,20.0,3.0,6.0,1.0,1.0,,,7.0,2.0,9.0,11.0,2.0,1.0,3.0,,1.0,0.5,1.0,,4.0,1.4,2.2
"Weaver, Kassidy",3,2019-20;2020-21;2021-22,8.0,,25.0,4.0,7.0,1.0,1.0,,,9.0,3.0,10.0,13.0,3.0,1.0,3.0,1.0,1.0,0.5714285714285714,1.0,,3.125,1.125,1.625
"Weaver, Kassidy",4,2019-20;2020-21;2021-22;2022-23,25.0,1.0,140.0,11.0,27.0,2.0,2.0,4.0,8.0,28.0,11.0,17.0,28.0,18.0,2.0,8.0,6.0,1.0,0.4074074074074074,1.0,0.5,5.6,1.12,1.12
"Weisenburger, Brooke",1,2009-10,27.0,25.0,717.0,73.0,241.0,34.0,115.0,17.0,29.0,197.0,32.0,55.0,87.0,42.0,72.0,77.0,34.0,1.0,0.3029045643153527,0.2956521739130435,0.5862068965517241,26.555555555555557,7.296296296296297,3.2222222222222223
"Weisenburger, Brooke",2,2009-10;2010-11,54.0,52.0,1578.0,128.0,463.0,57.0,226.0,68.0,102.0,381.0,63.0,139.0,202.0,110.0,142.0,172.0,71.0,8.0,0.27645788336933047,0.252212389380531,0.6666666666666666,29.22222222222222,7.055555555555555,3.740740740740741
"Weisenburger, Brooke",3,2009-10;2010-11;2011-12,83.0,81.0,2273.0,169.0,588.0,65.0,273.0,104.0,148.0,507.0,89.0,199.0,288.0,164.0,199.0,238.0,95.0,9.0,0.28741496598639454,0.23809523809523808,0.7027027027027027,27.3855421686747,6.108433734939759,3.4698795180722892
"Wells, Ja'Kia",1,2020-21,25.0,3.0,503.0,49.0,114.0,5.0,19.0,37.0,75.0,140.0,40.0,77.0,117.0,50.0,23.0,30.0,36.0,8.0,0.4298245614035088,0.2631578947368421,0.49333333333333335,20.12,5.6,4.68
"Wells, Ja'Kia",2,2020-21;2021-22,56.0,33.0,1235.0,118.0,289.0,12.0,41.0,69.0,130.0,317.0,113.0,166.0,279.0,120.0,60.0,68.0,77.0,31.0,0.4083044982698962,0.2926829268292683,0.5307692307692308,22.053571428571427,5.660714285714286,4.982142857142857
"White, Riley",1,2013-14,26.0,,290.0,18.0,48.0,,,23.0,40.0,59.0,20.0,52.0,72.0,39.0,7.0,28.0,7.0,8.0,0.375,,0.575,11.153846153846153,2.269230769230769,2.769230769230769
"White, Sonerka",1,2017-18,29.0,21.0,630.0,138.0,373.0,43.0,157.0,70.0,109.0,389.0,22.0,74.0,96.0,71.0,40.0,74.0,43.0,4.0,0.3699731903485255,0.27388535031847133,0.6422018348623854,21.724137931034484,13.413793103448276,3.310344827586207
"White, Sonerka",2,2017-18;2018-19,38.0,30.0,841.0,173.0,486.0,53.0,203.0,108.0,174.0,507.0,25.0,116.0,141.0,99.0,53.0,104.0,60.0,4.0,0.3559670781893004,0.26108374384236455,0.6206896551724138,22.13157894736842,13.342105263157896,3.710526315789474
"Whitley, Emily",1,2018-19,3.0,1.0,17.0,4.0,10.0,,,,,8.0,,2.0,2.0,2.0,,1.0,,,0.4,,,5.666666666666667,2.6666666666666665,0.6666666666666666
"Wilburn, Trachell",1,2013-14,9.0,,31.0,1.0,2.0,,,1.0,4.0,3.0,2.0,2.0,4.0,5.0,,3.0,3.0,,0.5,,0.25,3.4444444444444446,0.3333333333333333,0.4444444444444444
"Williams-Woodmore, Amyah",1,2025-26,25.0,19.0,397.0,38.0,105.0,1.0,11.0,36.0,62.0,113.0,32.0,55.0,87.0,35.0,14.0,44.0,18.0,6.0,0.3619047619047619,0.09090909090909091,0.5806451612903226,15.88,4.52,3.48
"Wilson, Georgia",1,2014-15,2.0,,4.0,,1.0,,,,,,,,,,,1.0,,,,,,2.0,,
"Woods, Devyn",1,2022-23,1.0,,15.0,,5.0,,4.0,,,,,,,2.0,,,,,,,,15.0,,
"Young, Lauren",1,2023-24,20.0,,108.0,12.0,24.0,,,12.0,17.0,36.0,9.0,32.0,41.0,7.0,1.0,9.0,4.0,3.0,0.5,,0.7058823529411765,5.4,1.8,2.05
"Young, Lauren",2,2023-24;2024-25,46.0,2.0,366.0,55.0,121.0,,,30.0,49.0,140.0,38.0,72.0,110.0,30.0,14.0,30.0,14.0,8.0,0.45454545454545453,,0.6122448979591837,7.956521739130435,3.0434782608695654,2.391304347826087
"Young, Lauren",3,2023-24;2024-25;2025-26,56.0,2.0,417.0,60.0,138.0,,,34.0,54.0,154.0,42.0,78.0,120.0,37.0,15.0,33.0,17.0,8.0,0.43478260869565216,,0.6296296296296297,7.446428571428571,2.75,2.142857142857143
"Zimmerman, Brooke",1,2016-17,30.0,25.0,505.0,42.0,108.0,,,9.0,29.0,93.0,33.0,96.0,129.0,76.0,9.0,44.0,15.0,11.0,0.3888888888888889,,0.3103448275862069,16.833333333333332,3.1,4.3
"Zimmerman, Brooke",2,2016-17;2017-18,56.0,25.0,805.0,71.0,165.0,,,20.0,51.0,162.0,65.0,157.0,222.0,127.0,24.0,66.0,22.0,19.0,0.4303030303030303,,0.39215686274509803,14.375,2.892857142857143,3.9642857142857144
Valecia Kelly,3,,,,,,,,,,,,,,818.0,,,,,,,,,,,
Ann Williams,2,,,,,,,,,,,,,,561.0,,,,,,,,,,,
Carol Zink,4,,,,,685.0,1430.0,,,,,,,,,,,,,,0.479020979020979,,,,,
Tracy Parks,3,,,,,404.0,,117.0,343.0,,,,,,,,,,,,,0.34110787172011664,,,,
April Woody,3,,,,,,901.0,,,,,,,,,,,,,,,,,,,
Susan Sundahl,2,,,,,353.0,845.0,,,,,,,,,,,,,,0.41775147928994083,,,,,
Jamie Sims Brewer,2,,,,,,,,,,,,,,,,173.0,,,,,,,,,
April Bryley,2,,,,,,,,,,,,,,,,154.0,,,,,,,,,
Sharla Odhams,3,,,,,,,,,,,,,,,,199.0,,,,,,,,,
Sharla Odhams,2,,,,,,,,,,,,,,,,,,202.0,,,,,,,
