Player,3-Point Field Goal Attempts,3-Point Field Goals Made,Assists,Blocks,Field Goal Attempts,Field Goals Made,Free Throw Attempts,Free Throws Made,Minutes,Points,Rebounds,Steals
Aleaya Guerrero,1,0,0,0,4,2,2,1,10,4,5,0
Ali Brewster,4,3,8,1,12,6,13,10,40,17,11,5
Alicia Demaret,2,0,3,10,12,6,6,4,29,16,17,2
Allie Hickman,1,0,0,0,3,1,2,2,5,4,2,0
Amanda Allen,7,3,2,4,13,8,6,5,39,19,9,1
Amanda Fleming,2,0,0,0,2,0,0,0,2,0,1,0
Amara Griffith,1,0,1,0,2,0,2,0,6,0,1,1
Amaree Henderson,7,2,3,1,18,10,8,7,28,23,7,4
Amarion Tease,4,2,2,1,13,6,6,3,26,15,6,3
Amber Evans,1,0,1,1,2,0,2,1,9,1,3,0
Amy Jantz,1,1,1,0,1,1,2,0,8,3,1,1
Amyah Williams-Woodmore,1,1,0,0,4,3,2,2,17,9,4,1
Ashton Bruner,3,1,6,3,23,11,13,8,43,28,16,4
Asya Tims,1,1,2,0,2,2,2,2,20,7,1,1
Aubrey Barton,5,2,3,4,17,11,13,11,36,25,13,4
Auhnesty Hawkins,1,1,3,1,14,5,9,7,26,11,11,3
Bailey Brown,8,4,7,2,17,9,18,16,48,27,12,7
Becca Heeke,0,0,0,1,3,2,2,1,14,5,4,2
Bela Raimondi,1,0,1,0,4,1,4,3,9,5,7,1
Beth Cooper,5,2,5,2,10,4,4,3,26,10,7,3
Brandi Florian,0,0,1,0,6,3,6,5,20,7,8,2
Breahna Gillespie,4,2,7,2,10,5,9,4,35,13,16,5
Brenda Tejero,3,2,1,0,3,2,3,1,12,7,1,0
Brianna Castaneda,4,1,1,0,7,1,2,1,18,3,1,1
Brianna Shaw,1,0,2,0,3,0,0,0,3,0,0,0
Britney Jarvis,9,3,2,1,11,5,4,3,32,13,8,7
Brittany Pittas,10,5,3,1,21,8,8,6,30,21,6,5
Brittany Roberts,1,0,8,4,29,15,20,13,43,37,25,6
Brittni Harlow,4,2,2,0,8,4,10,8,20,9,5,2
Brooke DeLuca,12,6,6,1,24,8,10,9,64,24,9,4
Brooke Sloan,5,2,3,0,11,5,6,4,20,16,4,1
Brooke Weisenburger,9,4,7,1,20,8,9,7,41,19,8,4
Brooke Zimmerman,0,0,3,2,12,6,6,3,32,12,11,3
Brooklyn Coe,11,4,4,2,18,8,14,10,39,23,6,4
Callie Atkins,9,3,3,2,11,5,4,4,36,13,4,2
Cami Engelbert,3,1,6,1,12,6,7,4,32,14,10,3
Cami Richardson,12,5,9,3,18,9,10,8,39,24,13,9
Carley Sharp,0,0,3,3,10,6,7,4,30,14,6,2
Carly Pomrenke,5,1,1,0,8,4,2,1,23,9,5,1
Chandler Short,6,3,4,1,12,7,9,8,28,22,5,5
Chelsea Savage,6,2,1,0,9,2,6,4,12,7,1,1
Cheyenne Eisenhour,6,3,4,2,9,7,12,9,34,20,9,5
Chloe Clevenger,1,0,9,1,10,4,0,0,26,8,11,0
Dana Imankulova,2,0,4,0,3,1,0,0,20,2,2,1
Dana Parker,1,0,1,1,4,2,2,2,13,4,4,1
Danielle Holt,3,2,5,2,18,10,10,8,38,24,16,5
Dominique Valdez,0,0,0,0,0,0,0,0,2,0,0,0
Dy'mond McElrath,7,2,10,1,15,7,12,8,44,17,8,6
Elice Frey,1,0,2,6,14,9,10,9,33,19,12,4
Elle Gillen,14,6,7,2,18,6,9,8,35,21,6,3
Emeli Bryant,4,1,2,0,7,2,2,2,11,5,5,1
Emily James,3,1,1,3,9,3,6,2,24,6,8,3
Emily Whitley,0,0,0,0,10,4,0,0,14,8,2,0
Erika Diaz,3,2,6,1,16,6,7,5,30,18,5,5
Faith Watson,0,0,2,0,7,2,0,0,20,4,5,3
Georgia Smart,3,2,2,4,14,7,13,7,29,16,11,2
Georgia Wilson,0,0,0,0,1,0,0,0,2,0,0,0
Gillian Rodgers,6,3,3,2,17,10,9,7,37,22,10,4
Haley Hurst,0,0,2,2,8,5,10,5,18,11,8,2
Hannah Cooley,3,2,5,1,7,5,2,1,24,11,5,2
Isabella Rosa,1,0,2,1,10,5,10,6,26,11,8,2
Ja'Kia Wells,3,2,5,4,12,5,9,5,35,12,13,4
Jacee Coberly,4,2,3,1,9,4,4,3,40,10,7,2
Jamie Teeters,3,0,3,0,7,3,7,4,25,8,5,3
Jayla Moore,1,1,3,1,9,5,4,3,27,11,4,3
Jessica Arpin,1,0,1,0,4,2,0,0,5,4,4,0
Jill Ast,1,0,1,0,3,1,2,2,6,2,2,0
Joze' Baker,5,1,0,0,13,4,4,2,16,11,5,2
Julie Olvera,7,3,2,1,7,3,4,3,24,9,5,4
Kalli Olivar,1,1,1,0,6,1,6,4,28,6,2,2
Kalyn Deckard,0,0,0,0,1,0,2,2,7,2,0,0
Kamryn Nolan,1,0,1,0,9,4,0,0,12,8,6,1
Kassidy Weaver,1,1,1,1,3,2,3,1,16,6,5,1
Katherine Saul,0,0,0,0,0,0,0,0,3,0,0,0
Kayla Hill,0,0,0,0,2,1,0,0,5,2,0,0
Kayla Jernigan,4,2,2,1,8,4,2,1,23,11,5,1
Kaylee Cramer,4,2,6,2,11,7,7,7,34,18,12,4
Kelli Watts,4,3,3,0,14,5,0,0,40,13,5,1
Kenajah Upchurch,3,1,3,2,11,8,8,3,32,19,6,4
Kendahl Kelly,7,2,1,0,7,2,2,2,18,6,2,2
Kennedy Smith,0,0,1,1,13,6,9,7,28,17,19,4
Kenya McCain,1,1,4,1,5,3,4,2,25,8,12,2
Kiara Hawkins,1,0,1,1,1,1,2,1,8,2,1,1
Kristen Ozbun,9,4,5,1,25,11,17,12,44,38,11,5
Kristin Potter,3,1,4,1,5,2,4,4,14,6,6,2
Kristina Battle,6,3,5,2,19,6,14,8,39,16,8,4
Krushanda Harrold,0,0,1,1,10,4,4,2,15,8,7,1
Kt Porter,8,3,5,1,18,9,6,6,31,21,5,4
Kyrstin Branscum,6,4,3,2,12,7,6,5,35,17,8,3
Laderricka Payne,1,0,2,0,2,1,0,0,10,2,0,0
Laheerah Joseph,0,0,1,1,2,1,2,1,6,2,2,1
Lainey Bell,1,0,0,0,1,0,0,0,4,0,0,0
Lasheicka Joseph,0,0,1,1,2,2,0,0,7,4,2,1
Laura Guillamat-Ribo,2,0,1,0,2,0,0,0,7,0,1,0
Lauren Houston,4,1,3,0,4,1,2,1,13,4,2,1
Lauren Young,0,0,3,2,8,5,4,4,20,10,9,2
Lynix Stevenson,0,0,0,1,4,2,2,1,6,4,3,2
Madelyn Hankins,10,3,3,1,13,7,8,8,33,18,5,3
Madison Chambers,4,2,6,2,15,8,9,6,41,18,14,8
Madison Logan,0,0,0,0,1,0,0,0,2,0,0,0
Maison Moseley,8,3,8,1,18,9,13,9,36,25,6,4
Maizen Gillam,16,8,5,1,19,9,9,8,37,29,8,3
Maressah Milum,1,0,5,2,13,6,10,9,25,14,9,4
Margaret Ajayi,0,0,2,3,11,5,6,3,27,11,13,3
Mariah Dightman,2,1,3,1,10,5,7,5,22,15,6,2
Matisyn Moses,8,3,4,3,21,10,8,7,35,25,12,4
Maya Austin,8,2,2,1,14,7,3,3,19,16,3,5
Mckenzy Gillespie,4,2,2,0,4,3,2,2,12,10,3,1
Megan Acklin,7,2,6,3,13,5,3,2,30,13,8,2
Megan James,3,2,1,1,4,2,5,3,11,6,4,1
Melissa Rogers,4,0,1,0,5,0,0,0,9,0,1,0
Micayla Mikulski,1,0,1,1,6,3,2,2,10,7,4,1
Michelle Ducy,5,3,9,2,15,8,9,4,40,18,10,4
Mikaela Boyd,1,1,3,1,7,4,7,6,23,9,9,1
Mikah Hammerquist,12,5,5,1,13,6,2,2,32,18,6,2
Miranda Gaytan,0,0,0,0,0,0,0,0,5,0,0,1
Molly Schultehenrich,3,1,1,1,4,3,2,2,16,9,4,3
Naomi Smith,0,0,1,0,3,1,0,0,4,2,1,0
Natasha Chaney,1,0,2,1,9,4,4,2,25,8,6,3
Nicole Abunaja,9,3,2,1,9,4,3,2,22,11,3,3
Nikola Boris,8,4,2,1,8,4,4,3,32,12,5,2
Olivia Bell,4,1,6,1,19,9,13,10,36,23,12,3
RJ Kuhn,8,4,3,0,9,4,2,2,18,12,4,2
Raeghan Borman,3,1,3,2,13,6,9,6,33,14,7,4
Rajae Drew,1,0,0,0,6,2,2,0,12,4,1,0
Reagan McClellan,1,0,5,1,7,4,12,5,31,10,5,5
Riley White,0,0,1,2,7,3,8,5,29,7,8,1
Scarlet Rodriguez,1,0,1,0,1,0,2,0,5,0,0,0
Shireana Robinson,0,0,0,0,2,0,0,0,40,0,4,0
Sierra Gillespie,4,2,3,0,12,3,6,4,33,12,5,3
Skylar Bencsek,5,3,2,1,7,4,3,2,29,12,3,1
Sonerka White,11,5,8,1,21,11,12,8,38,26,12,4
Stephanie Ellis,1,1,0,0,3,1,2,2,13,3,3,1
Stephanie Poland,1,0,3,3,12,5,11,5,40,11,13,4
Summer Kirkman,5,2,4,0,7,2,4,4,21,9,4,3
Sunny Smart,18,6,7,2,21,10,8,7,43,28,15,4
Taryn Lee,0,0,0,1,4,1,8,5,13,7,9,1
Tatum Griffin,6,3,6,1,9,4,4,4,20,12,5,2
Tayler Puttergill,5,2,2,1,14,6,8,7,24,19,12,4
Taylor Berkheimer,6,4,1,0,7,4,2,2,16,12,3,1
Taylor Bohannon,3,0,2,0,3,0,0,0,6,0,1,0
Taylor Cushing,0,0,1,0,2,0,0,0,8,0,1,1
Taylor Osborn,6,3,6,0,9,3,4,3,30,9,2,2
Taylor Peters,0,0,0,0,3,0,0,0,3,0,0,1
Taylor Schrag,2,1,1,1,4,2,7,5,19,9,4,3
Taylor Starr,4,2,4,1,6,2,4,1,33,6,11,2
TiJanae' Simmons,14,5,6,2,15,7,6,6,31,18,8,3
Tori Verdieck,0,0,1,2,4,2,2,1,11,4,6,1
Trachell Wilburn,0,0,0,0,1,1,4,1,6,2,3,1
Tytiana Haamid,1,0,0,0,8,3,1,0,14,6,4,0
Victoria Ates,4,2,4,2,13,7,7,6,33,16,8,4
Victoria Gonzalez,7,5,3,5,10,6,3,2,27,16,8,2
Whitney Jefferson,3,2,6,1,8,4,7,4,39,10,10,3
Whitney Slater,4,1,4,0,9,2,8,6,28,10,7,2
Zatorian Abra,7,2,5,2,10,7,6,5,41,18,7,6
